czech_word	english_translation	czech_sentence	english_sentence
když	when	Když přijdu domů, odpočinu si.	When I get home, I rest.
tento	this	Tento člověk je milý.	This person is nice.
už	already	Už to znám.	I already know it.
všechen	all	Všechen čas je pryč.	All the time is gone.
jak	how	Jak to víš?	How do you know?
od	from	Dostal jsem dopis od tebe.	I got a letter from you.
aby	so that	Řekl to, aby pomohl.	He said it so that he could help.
nebo	or	Chceš čaj nebo kávu.	Do you want tea or coffee.
jeho	his	To je jeho auto.	That is his car.
jen	only	Mám jen jednu otázku.	I have only one question.
jeden	one	Jeden den stačí.	One day is enough.
člověk	person	Každý člověk chybuje.	Every person makes mistakes.
u	at	Bydlím u rodičů.	I live at my parents’ place.
muset	must	Musím jít domů.	I must go home.
velký	big	To je velký problém.	That is a big problem.
chtít	want	Chci nový telefon.	I want a new phone.
jenž	who	Člověk, jenž přišel, odešel.	The person who came left.
my	we	My to zvládneme.	We will manage it.
říci	to say	Chci říci pravdu.	I want to say the truth.
než	than	Jsem rychlejší než ty.	I am faster than you.
pak	then	Pak půjdeme ven.	Then we will go outside.
jít	to go	Půjdu tam zítra.	I will go there tomorrow.
při	at	Při práci poslouchám hudbu.	I listen to music while working.
vědět	to know	Nechci vědět víc.	I don’t want to know more.
také	also	Také jsem tam byl.	I was there too.
dva	two	Mám dva bratry.	I have two brothers.
další	another	Potřebuji další příklad.	I need another example.
před	before	Před domem stojí auto.	There is a car in front of the house.
stát	to stand	Auto stojí na ulici.	The car stands on the street.
nový	new	Mám nový počítač.	I have a new computer.
vy	you (plural)	Vy to víte.	You know it.
celý	whole	Celý den prší.	It rains the whole day.
ještě	still	Ještě čekám.	I am still waiting.
ani	not even	Nevidím ani jedno auto.	I don’t see even one car.
hodně	a lot	Hodně pracuji.	I work a lot.
její	her	To je její kniha.	That is her book.
jiný	other	Chci jiný příklad.	I want another example.
můj	my	To je můj dům.	That is my house.
první	first	To je můj první den.	This is my first day.
jejich	their	To je jejich auto.	That is their car.
až	until	Počkám až do večera.	I will wait until evening.
podle	according to	Podle mě je to pravda.	According to me it is true.
dobrý	good	To je dobrý nápad.	That is a good idea.
mezi	between	Mezi lidmi je ticho.	There is silence among people.
kde	where	Kde jsi byl?	Where were you?
ty	you (singular)	Ty to víš.	You know it.
však	however	Však to není jisté.	However, it is not certain.
dát	to give	Dám ti dárek.	I will give you a gift.
tam	there	Tam jsem nebyl.	I wasn’t there.
náš	our	To je náš dům.	That is our house.
den	day	Dnes je hezký den.	Today is a nice day.
každý	every	Každý člověk to ví.	Every person knows it.
něco	something	Mám pro tebe něco.	I have something for you.
doba	time	V té době jsem studoval.	At that time I studied.
druhý	second	To je druhý pokus.	This is the second attempt.
protože	because	Nešel jsem, protože pršelo.	I didn’t go because it rained.
dítě	child	Dítě spí.	The child is sleeping.
ne	no	Ne, nechci to.	No, I don’t want it.
takový	such	Takový problém nechci.	I don’t want such a problem.
vidět	to see	Chci vidět město.	I want to see the city.
říkat	to say	Říkám pravdu.	I say the truth.
nic	nothing	Nic jsem nenašel.	I found nothing.
začít	to start	Chci začít znovu.	I want to start again.
život	life	Život je krátký.	Life is short.
český	Czech	Mluvím český jazyk.	I speak the Czech language.
místo	place	To je dobré místo.	That is a good place.
či	or (formal)	Je to čaj či káva?	Is it tea or coffee?
malý	small	Mám malý byt.	I have a small flat.
bez	without	Bez tebe to nejde.	It doesn’t work without you.
ruka	hand	Bolí mě ruka.	My hand hurts.
nějaký	some	Nějaký člověk volal.	Some person called.
kdy	when	Kdy přijdeš?	When will you come?
sám	alone	Zůstanu sám doma.	I will stay home alone.
teď	now	Teď musím jít.	Now I must go.
pokud	if	Pokud přijdeš, zavolám.	If you come, I will call.
dobře	well	Děláš to dobře.	You do it well.
dostat	to get	Dostal jsem dárek.	I got a gift.
myslet	to think	Myslím na tebe.	I think of you.
práce	work	Mám hodně práce.	I have a lot of work.
pod	under	Pod stolem je kočka.	There is a cat under the table.
strana	side	Na druhé straně je park.	On the other side is a park.
svět	world	Svět je velký.	The world is big.
tedy	so	Tedy půjdeme dál.	So we will continue.
přijít	to come	Přijdu zítra.	I will come tomorrow.
například	for example	Chci například čaj.	I want tea, for example.
vysoký	tall	Je vysoký muž.	He is a tall man.
země	country	Tato země je krásná.	This country is beautiful.
tenhle	this one	Tenhle je lepší.	This one is better.
tři	three	Mám tři knihy.	I have three books.
čas	time	Nemám čas.	I don’t have time.
dělat	to do	Dělám to správně.	I do it correctly.
žena	woman	Žena čeká venku.	The woman waits outside.
žádný	no/none	Nemám žádný problém.	I have no problem.
muž	man	Muž stojí u dveří.	The man stands at the door.
případ	case	V tom případě odejdu.	In that case I will leave.
kdo	who	Kdo to řekl?	Who said that?
třeba	maybe	Třeba přijde.	Maybe he will come.
starý	old	Je starý dům.	It is an old house.
hlava	head	Bolí mě hlava.	My head hurts.
několik	several	Mám několik otázek.	I have several questions.
velmi	very	Je to velmi dobré.	It is very good.
oko	eye	Mám modré oko.	I have a blue eye.
nad	above	Nad námi je strop.	Above us is the ceiling.
město	city	Město je velké.	The city is big.
poslední	last	To je poslední šance.	This is the last chance.
cesta	road	Cesta je dlouhá.	The road is long.
některý	some	To je některý problém.	That is some problem.
asi	probably	Asi přijdu pozdě.	I will probably come late.
jaký	what kind	Jaký film chceš?	What kind of movie do you want?
právě	just	Právě jsem přišel.	I just arrived.
přes	through	Jdu přes park.	I walk through the park.
dům	house	Dům je nový.	The house is new.
proto	therefore	Proto odešel.	Therefore he left.
věc	thing	To je dobrá věc.	That is a good thing.
tu	here	Tu čekám.	I wait here.
voda	water	Voda je studená.	The water is cold.
společnost	company	Společnost roste.	The company is growing.
najít	to find	Chci najít řešení.	I want to find a solution.
nikdy	never	Nikdy to neudělám.	I will never do it.
již	already	Již jsem tam byl.	I have already been there.
brzy	soon	Brzy přijdu.	I will come soon.
část	part	To je část problému.	That is part of the problem.
což	which	Což je zvláštní.	Which is strange.
udělat	to do	Udělám to hned.	I will do it now.
vlastní	own	Mám vlastní plán.	I have my own plan.
dokázat	to manage	Dokážu to sám.	I can manage it alone.
chvíle	moment	Počkej chvíli.	Wait a moment.
systém	system	Systém nefunguje.	The system doesn’t work.
kdyby	if	Kdyby pršelo, zůstaneme doma.	If it rained, we’d stay home.
hodina	hour	Trvá to hodinu.	It takes an hour.
proč	why	Proč to děláš.	Why do you do that.
stejně	anyway	Stejně odejdu.	I will leave anyway.
takže	so	Takže jdeme dál.	So we continue.
často	often	Často tam chodím.	I often go there.
dnes	today	Dnes nepracuji.	I don’t work today.
slovo	word	To je nové slovo.	That is a new word.
tady	here	Tady bydlím.	I live here.
až	until	Počkám až do rána.	I will wait until morning.
lze	can be	Lze to udělat.	It can be done.
nechat	to let	Nechám to být.	I will let it be.
problém	problem	To je velký problém.	That is a big problem.
někdo	someone	Někdo volal.	Someone called.
oba	both	Oba jsme přišli.	We both came.
možný	possible	Je to možné.	It is possible.
vůbec	at all	Vůbec to nechápu.	I don’t understand it at all.
cena	price	Cena je vysoká.	The price is high.
proti	against	Jdu proti větru.	I walk against the wind.
rád	glad	Mám rád hudbu.	I like music.
stále	still	Stále čekám.	I am still waiting.
řada	series	Řada lidí odešla.	A number of people left.
možná	maybe	Možná přijdu.	Maybe I will come.
škola	school	Škola je daleko.	The school is far.
pouze	only	Pouze čekám.	I am only waiting.
hrát	to play	Hraju fotbal.	I play football.
jestli	if	Jestli přijdeš, zavolám.	If you come, I’ll call.
nikdo	nobody	Nikdo tam není.	Nobody is there.
firma	company	Firma roste.	The company is growing.
mladý	young	Je mladý muž.	He is a young man.
totiž	namely	Je unavený, totiž pracoval.	He is tired, namely he worked.
různý	various	Mám různé knihy.	I have various books.
čekat	to wait	Čekám na tebe.	I wait for you.
mluvit	to speak	Mluvím česky.	I speak Czech.
koruna	crown	Mám jednu korunu.	I have one crown.
pohled	look	Jeho pohled byl vážný.	His look was serious.
vzít	to take	Vezmu si tu knihu.	I will take that book.
dokonce	even	Dokonce to udělal sám.	He even did it himself.
patřit	to belong	Ta věc patří mně.	That thing belongs to me.
způsob	method	To je dobrý způsob.	That is a good method.
hlavní	main	Hlavní problém je čas.	The main problem is time.
zůstat	to stay	Zůstanu doma.	I will stay home.
dveře	door	Dveře jsou otevřené.	The door is open.
možnost	possibility	Je možnost volby.	There is a possibility of choice.
vést	to lead	On vede tým.	He leads the team.
oblast	area	Oblast je velká.	The area is large.
moc	power	Má velkou moc.	He has great power.
potřebovat	to need	Potřebuji pomoc.	I need help.
stejný	same	Máme stejný problém.	We have the same problem.
milión	million	Stojí to milión korun.	It costs a million crowns.
pozdě	late	Přišel jsem pozdě.	I came late.
důležitý	important	Je to důležitý úkol.	It is an important task.
žít	to live	Chci žít v Praze.	I want to live in Prague.
znát	to know	Znám tu odpověď.	I know the answer.
trochu	a little	Trochu se bojím.	I am a little afraid.
nakonec	finally	Nakonec jsme odešli.	Finally we left.
peníze	money	Mám málo peněz.	I have little money.
taky	also	Taky jsem to viděl.	I also saw it.
tělo	body	Tělo bolí po cvičení.	The body hurts after exercise.
daleko	far	Je to daleko odsud.	It is far from here.
situace	situation	Situace je vážná.	The situation is serious.
stát	state	Stát má nové zákony.	The state has new laws.
otázka	question	Mám jednu otázku.	I have one question.
kniha	book	Kniha je na stole.	The book is on the table.
kvůli	because of	Kvůli práci nemůžu jít.	Because of work I cannot go.
skupina	group	Skupina čeká venku.	The group waits outside.
znovu	again	Zkusím to znovu.	I will try it again.
navíc	in addition	Navíc to není drahé.	In addition it is not expensive.
cítit	to feel	Cítím se dobře.	I feel well.
ovšem	however	Ovšem není to jisté.	However it is not certain.
ano	yes	Ano, chci to.	Yes, I want it.
dojít	to arrive	Dopis dojde zítra.	The letter will arrive tomorrow.
pan	mister	Pan Novák čeká venku.	Mr. Novák waits outside.
otec	father	Otec pracuje doma.	Father works at home.
tisíc	thousand	Mám tisíc korun.	I have a thousand crowns.
mnoho	many	Mnoho lidí odešlo.	Many people left.
rodina	family	Rodina je doma.	The family is at home.
ostatní	others	Ostatní čekají venku.	The others wait outside.
měsíc	month	Mám volný měsíc.	I have a free month.
čtyři	four	Mám čtyři otázky.	I have four questions.
především	above all	Především chci klid.	Above all I want peace.
získat	to obtain	Chci získat zkušenosti.	I want to gain experience.
matka	mother	Matka vaří oběd.	Mother cooks lunch.
hned	right away	Hned přijdu.	I will come right away.
změna	change	Změna je nutná.	The change is necessary.
dále	further	Dále budeme pracovat.	Further we will work.
během	during	Během dne pracuji.	I work during the day.
jméno	name	Mé jméno je Vincent.	My name is Vincent.
projekt	project	Projekt začíná dnes.	The project starts today.
pár	a few	Mám pár otázek.	I have a few questions.
znamenat	to mean	Co to znamená?	What does it mean?
týden	week	Týden je dlouhý.	The week is long.
pracovat	to work	Pracuji doma.	I work at home.
zde	here	Zde bydlím.	I live here.
dlouho	long	Dlouho čekám.	I wait for a long time.
auto	car	Auto je nové.	The car is new.
snad	hopefully	Snad to vyjde.	Hopefully it will work.
tvář	face	Jeho tvář je vážná.	His face is serious.
zeptat	to ask	Chci se zeptat.	I want to ask.
výsledek	result	Výsledek je dobrý.	The result is good.
díky	thanks	Díky za pomoc.	Thanks for the help.
někdy	sometimes	Někdy tam chodím.	Sometimes I go there.
většina	majority	Většina lidí souhlasí.	The majority of people agree.
úplně	completely	Je to úplně jasné.	It is completely clear.
příliš	too much	Příliš pracuji.	I work too much.
slyšet	to hear	Slyším hudbu.	I hear music.
rychle	quickly	Rychle běží.	He runs quickly.
nyní	now	Nyní začneme.	Now we begin.
li	whether	Nevím, li přijde.	I don’t know whether he will come.
pět	five	Mám pět knih.	I have five books.
téměř	almost	Téměř jsem to udělal.	I almost did it.
podívat	to look	Chci se podívat.	I want to look.
co	what	Co chceš?	What do you want?
známý	known	Je to známý člověk.	He is a known person.
ještě	still	Ještě čekám.	I am still waiting.
noc	night	Noc je tichá.	The night is quiet.
síla	strength	Má velkou sílu.	He has great strength.
vztah	relationship	Vztah je složitý.	The relationship is complicated.
noha	leg	Noha mě bolí.	My leg hurts.
dost	enough	Mám dost času.	I have enough time.
spíš	rather	Spíš bych šel domů.	I would rather go home.
program	program	Program začíná v osm.	The program starts at eight.
rozhodnout	to decide	Rozhodl jsem se.	I decided.
přece	after all	Přece to víš.	After all you know it.
vlastně	actually	Vlastně máš pravdu.	Actually you are right.
hlas	voice	Jeho hlas je tichý.	His voice is quiet.
jenom	only	Mám jenom jednu věc.	I have only one thing.
důvod	reason	Důvod je jasný.	The reason is clear.
hra	game	Hra je zábavná.	The game is fun.
film	movie	Film byl dobrý.	The movie was good.
opravdu	really	Opravdu to chci.	I really want it.
minuta	minute	Trvá to minutu.	It takes a minute.
pořád	still	Pořád čekám.	I am still waiting.
samozřejmě	of course	Samozřejmě přijdu.	Of course I will come.
nejen	not only	Nejen ty, ale i já.	Not only you, but also me.
informace	information	Informace jsou nové.	The information is new.
objevit	to discover	Chci objevit pravdu.	I want to discover the truth.
prostor	space	Prostor je malý.	The space is small.
přitom	at the same time	Přitom se usmíval.	At the same time he smiled.
pravda	truth	To je pravda.	That is true.
ukázat	to show	Ukážu ti to.	I will show you.
služba	service	Služba je drahá.	The service is expensive.
existovat	to exist	To neexistuje.	That does not exist.
vždy	always	Vždy přijdu včas.	I always come on time.
uvést	to state	Uvedl to v textu.	He stated it in the text.
evropský	European	To je evropský stát.	That is a European state.
sedět	to sit	Sedím u stolu.	I sit at the table.
zcela	completely	Je to zcela nové.	It is completely new.
přímo	directly	Přímo to řekl.	He said it directly.
druh	type	To je nový druh.	That is a new type.
století	century	Žijeme v novém století.	We live in a new century.
jistý	certain	Jsem si jistý.	I am certain.
základní	basic	To je základní věc.	That is a basic thing.
stačit	to be enough	To stačí.	That is enough.
kromě	except	Kromě tebe nikdo nepřišel.	Except you nobody came.
pomoci	to help	Pomůžu ti.	I will help you.
potom	then	Potom odejdu.	Then I will leave.
jinak	otherwise	Jinak to nejde.	Otherwise it doesn’t work.
bílý	white	Bílý papír leží na stole.	White paper lies on the table.
tehdy	at that time	Tehdy jsem tam byl.	I was there at that time.
plný	full	Je plný lidí.	It is full of people.
špatný	bad	To je špatný nápad.	That is a bad idea.
vždycky	always	Vždycky to říká.	He always says that.
procento	percent	Deset procent chybí.	Ten percent is missing.
podobný	similar	Je to podobný případ.	It is a similar case.
chodit	to walk	Chodím do školy.	I walk to school.
zdát	to seem	Zdá se to snadné.	It seems easy.
ulice	street	Ulice je prázdná.	The street is empty.
zákon	law	Zákon platí pro všechny.	The law applies to everyone.
typ	type	To je jiný typ.	That is another type.
hodnota	value	Hodnota je vysoká.	The value is high.
pocit	feeling	Mám dobrý pocit.	I have a good feeling.
stav	state	Stav je stabilní.	The state is stable.
černý	black	Černý kabát visí na věšáku.	A black coat hangs on the rack.
okno	window	Okno je otevřené.	The window is open.
dávat	to give	Dávám ti šanci.	I give you a chance.
věřit	to believe	Věřím ti.	I believe you.
počet	number	Počet lidí roste.	The number of people grows.
právo	right	Máš na to právo.	You have the right to it.
směr	direction	Směr je jasný.	The direction is clear.
zatím	for now	Zatím čekám.	For now I wait.
zatímco	while	Zatímco pracuji, poslouchám hudbu.	While I work, I listen to music.
otevřít	to open	Otevřu dveře.	I will open the door.
platit	to pay	Platím kartou.	I pay by card.
spolu	together	Pracujeme spolu.	We work together.
smrt	death	Smrt je těžké téma.	Death is a difficult topic.
stůl	table	Stůl je velký.	The table is big.
opět	again	Opět to udělal.	He did it again.
bod	point	To je hlavní bod.	That is the main point.
tým	team	Tým pracuje dobře.	The team works well.
zájem	interest	Mám zájem o práci.	I am interested in the job.
vláda	government	Vláda rozhodla.	The government decided.
silný	strong	Je silný muž.	He is a strong man.
prostě	simply	Prostě to udělej.	Simply do it.
přesně	exactly	Přesně tak.	Exactly so.
trh	market	Trh roste.	The market grows.
hlavně	mainly	Hlavně buď v klidu.	Mainly stay calm.
kraj	region	Kraj je velký.	The region is large.
jednotlivý	individual	Jednotlivý člověk rozhoduje.	The individual person decides.
současný	current	Současný stav je dobrý.	The current state is good.
jednat	to act	Jednám rychle.	I act quickly.
světlo	light	Světlo svítí.	The light shines.
podmínka	condition	Podmínka je jasná.	The condition is clear.
zjistit	to find out	Chci zjistit pravdu.	I want to find out the truth.
lidský	human	Lidský život je cenný.	Human life is valuable.
tvůj	your (singular)	To je tvůj dům.	That is your house.
zda	whether	Nevím, zda přijde.	I don’t know whether he will come.
zápas	match	Zápas začíná.	The match begins.
zejména	especially	Zejména to platí pro tebe.	Especially it applies to you.
psát	to write	Píšu dopis.	I am writing a letter.
těžký	heavy	Je to těžký úkol.	It is a heavy task.
deset	ten	Mám deset korun.	I have ten crowns.
změnit	to change	Chci změnit plán.	I want to change the plan.
i	even	I tebe znám.	I know even you.
pokračovat	to continue	Pokračujeme dál.	We continue further.
no	well	No, nevím.	Well, I don’t know.
jet	to go (by vehicle)	Jedu domů.	I am going home.
prostředí	environment	Prostředí je čisté.	The environment is clean.
držet	to hold	Držím knihu.	I hold a book.
umět	to be able	Umím česky.	I can speak Czech.
válka	war	Válka je hrozná.	War is terrible.
nízký	low	Nízký stůl je tady.	The low table is here.
hledat	to search	Hledám pravdu.	I search for the truth.
cíl	goal	Cíl je jasný.	The goal is clear.
zároveň	at the same time	Zároveň se usmíval.	He smiled at the same time.
představovat	to represent	To představuje problém.	That represents a problem.
dívat	to look	Dívám se ven.	I look outside.
určitý	certain	Určitý člověk volal.	A certain person called.
určitě	certainly	Určitě přijdu.	I will certainly come.
naopak	on the contrary	Naopak to pomáhá.	On the contrary it helps.
skončit	to end	Skončil jsem práci.	I finished the work.
více	more	Chci více času.	I want more time.
pokoj	room	Pokoj je tichý.	The room is quiet.
ednou	once	Ednou to zkusím.	I will try it once.
rodič	parent	Každý rodič má starosti.	Every parent has worries.
vedle	next to	Bydlím vedle školy.	I live next to the school.
jasný	clear	To je jasný důkaz.	That is clear evidence.
používat	to use	Používám nový telefon.	I use a new phone.
osoba	person	Každá osoba čeká venku.	Each person waits outside.
řešení	solution	Řešení je jednoduché.	The solution is simple.
barva	color	Barva je modrá.	The color is blue.
kolo	bicycle	Mám nové kolo.	I have a new bicycle.
začínat	to begin	Začínám pracovat.	I begin to work.
považovat	to consider	Považuji to za chybu.	I consider it a mistake.
jenže	but	Jenže to nejde.	But it doesn’t work.
funkce	function	Funkce je aktivní.	The function is active.
stavba	construction	Stavba pokračuje.	The construction continues.
základ	basis	Základ je pevný.	The basis is solid.
podařit	to succeed	Podařilo se mi to.	I succeeded.
působit	to affect	To na mě působí dobře.	It affects me well.
smysl	sense	To nemá smysl.	That makes no sense.
číslo	number	Číslo je správné.	The number is correct.
skutečnost	fact	Skutečnost je jiná.	The fact is different.
role	role	Hraje důležitou role.	He plays an important role.
sice	although	Sice prší, ale jdu ven.	Although it rains, I go outside.
metr	meter	Mám metr látky.	I have a meter of fabric.
potřeba	need	Je potřeba klid.	Calm is needed.
rozdíl	difference	Rozdíl je velký.	The difference is big.
zpráva	message	Přišla nová zpráva.	A new message arrived.
představit	to imagine	Nedokážu si to představit.	I cannot imagine it.
odpovědět	to answer	Odpovím později.	I will answer later.
zdroj	source	Zdroj je nejasný.	The source is unclear.
nabízet	to offer	Nabízím pomoc.	I offer help.
domácí	home	To je domácí úkol.	That is homework.
energie	energy	Energie je drahá.	Energy is expensive.
krok	step	Krok je jednoduchý.	The step is simple.
vyjít	to go out	Vyšel ven.	He went outside.
ležet	to lie	Ležím na posteli.	I lie on the bed.
sociální	social	Sociální síť je populární.	The social network is popular.
prý	supposedly	Prý přijde.	Supposedly he will come.
brát	to take	Beru si kabát.	I take my coat.
třetí	third	To je třetí pokus.	This is the third attempt.
doma	at home	Jsem doma.	I am at home.
státní	state	Státní úřad je zavřený.	The state office is closed.
americký	American	To je americký film.	That is an American movie.
centrum	center	Centrum je rušné.	The center is busy.
sledovat	to watch	Sleduji film.	I watch a movie.
paní	mrs	Paní Nováková čeká.	Mrs. Nováková is waiting.
připravit	to prepare	Připravím večeři.	I will prepare dinner.
člen	member	Je členem týmu.	He is a member of the team.
vhodný	suitable	To je vhodný čas.	That is a suitable time.
akce	event	Akce začíná v osm.	The event starts at eight.
přesto	despite	Přesto přišel.	Despite that he came.
kam	where	Kam jdeš.	Where are you going.
krásný	beautiful	To je krásný den.	That is a beautiful day.
obraz	picture	Obraz visí na zdi.	The picture hangs on the wall.
forma	form	Forma je jednoduchá.	The form is simple.
období	period	Období je krátké.	The period is short.
byt	apartment	Byt je malý.	The apartment is small.
mnohem	much	Mnohem lépe pracuje.	He works much better.
činnost	activity	Činnost je důležitá.	The activity is important.
obec	municipality	Obec je malá.	The municipality is small.
přítel	friend	Přítel čeká venku.	A friend waits outside.
republika	republic	Republika je stabilní.	The republic is stable.
proces	process	Proces trvá dlouho.	The process takes long.
skoro	almost	Skoro jsem to udělal.	I almost did it.
hráč	player	Hráč běží rychle.	The player runs fast.
soud	court	Soud rozhodl.	The court decided.
napsat	to write	Napíšu dopis.	I will write a letter.
výkon	performance	Výkon byl dobrý.	The performance was good.
trvat	to last	To trvá hodinu.	It lasts an hour.
syn	son	Syn spí.	The son is sleeping.
materiál	material	Materiál je pevný.	The material is solid.
rámec	frame	Rámec je široký.	The frame is wide.
politický	political	To je politický problém.	That is a political problem.
poté	afterwards	Poté odešel.	Afterwards he left.
sem	here	Pojď sem.	Come here.
zajímavý	interesting	To je zajímavý nápad.	That is an interesting idea.
bůh	god	Bůh je v textu zmíněn.	God is mentioned in the text.
tvořit	to create	Tvořím nový plán.	I create a new plan.
bývat	to tend to	Bývám doma večer.	I tend to be home in the evening.
model	model	Model je přesný.	The model is precise.
věnovat	to dedicate	Věnuji tomu čas.	I dedicate time to it.
skutečně	really	Skutečně to funguje.	It really works.
vydat	to publish	Vydal knihu.	He published a book.
srdce	heart	Srdce bije rychle.	The heart beats fast.
postavit	to build	Postavím dům.	I will build a house.
vlas	hair	Vlas je dlouhý.	The hair is long.
autor	author	Autor píše dobře.	The author writes well.
konečně	finally	Konečně jsem doma.	Finally I am home.
láska	love	Láska je silná.	Love is strong.
pražský	Prague (adj.)	Pražský dům je starý.	The Prague house is old.
pomoc	help	Potřebuji pomoc.	I need help.
dodat	to add	Dodám ještě jednu věc.	I will add one more thing.
polovina	half	Polovina lidí odešla.	Half of the people left.
veřejný	public	Veřejný prostor je čistý.	The public space is clean.
nutný	necessary	Je nutný klid.	Calm is necessary.
dílo	work	Dílo je dokončeno.	The work is finished.
schopný	able	Je schopný to udělat.	He is able to do it.
strom	tree	Strom roste rychle.	The tree grows fast.
stránka	page	Stránka je prázdná.	The page is empty.
rád	glad	Rád tě vidím.	I am glad to see you.
vytvořit	to create	Vytvořím nový účet.	I will create a new account.
příběh	story	Příběh je krátký.	The story is short.
zastavit	to stop	Zastavím auto.	I will stop the car.
jednoduchý	simple	To je jednoduchý úkol.	That is a simple task.
vývoj	development	Vývoj pokračuje.	The development continues.
tvrdit	to claim	Tvrdí, že to ví.	He claims he knows it.
společný	common	Máme společný plán.	We have a common plan.
začátek	beginning	Začátek je jasný.	The beginning is clear.
odejít	to leave	Odešel domů.	He left home.
pracovní	work	Pracovní den je dlouhý.	The workday is long.
národní	national	Národní muzeum je velké.	The national museum is big.
zřejmě	apparently	Zřejmě přijde pozdě.	Apparently he will come late.
domů	home	Jdu domů.	I am going home.
podpora	support	Podpora je nutná.	Support is necessary.
významný	significant	Je to významný krok.	It is a significant step.
vzduch	air	Vzduch je čistý.	The air is clean.
vzniknout	to arise	Problém vznikl včera.	The problem arose yesterday.
místní	local	Místní lidé pomáhají.	Local people help.
šest	six	Mám šest knih.	I have six books.
zařízení	device	Zařízení nefunguje.	The device doesn’t work.
úřad	office	Úřad je zavřený.	The office is closed.
lékař	doctor	Lékař přijde brzy.	The doctor will come soon.
podoba	form	Podoba je jasná.	The form is clear.
poprvé	for the first time	Poprvé to chápu.	I understand it for the first time.
klub	club	Klub je otevřený.	The club is open.
míra	rate	Míra růstu je vysoká.	The growth rate is high.
světový	world	To je světový rekord.	That is a world record.
součást	part	Je to součást plánu.	It is part of the plan.
množství	amount	Množství je malé.	The amount is small.
pohyb	movement	Pohyb je rychlý.	The movement is fast.
ředitel	director	Ředitel rozhodl.	The director decided.
volba	choice	Volba je tvoje.	The choice is yours.
názor	opinion	Můj názor je jiný.	My opinion is different.
myšlenka	thought	Myšlenka je dobrá.	The thought is good.
německý	German	Německý jazyk je těžký.	The German language is difficult.
okamžik	moment	V tom okamžiku odešel.	In that moment he left.
chybět	to be missing	Chybí mi čas.	I am missing time.
alespoň	at least	Alespoň to zkus.	At least try it.
mimo	outside	Mimo město je klid.	Outside the city is calm.
teprve	only then	Teprve začínám.	I am only just beginning.
síť	network	Síť nefunguje.	The network doesn’t work.
bývalý	former	Bývalý kolega volal.	A former colleague called.
plán	plan	Plán je hotový.	The plan is ready.
zkušenost	experience	Mám zkušenost s prací.	I have experience with the work.
rameno	shoulder	Rameno mě bolí.	My shoulder hurts.
úroveň	level	Úroveň je vysoká.	The level is high.
bát	to fear	Bojím se tmy.	I fear the dark.
jazyk	language	Jazyk je složitý.	The language is complex.
poznat	to recognize	Poznám ho podle hlasu.	I recognize him by voice.
les	forest	Les je tichý.	The forest is quiet.
chápat	to understand	Chápu to dobře.	I understand it well.
miliarda	billion	Má miliardu korun.	He has a billion crowns.
správný	correct	Správný výsledek je zde.	The correct result is here.
krátký	short	Krátký text stačí.	A short text is enough.
pole	field	Pole je široké.	The field is wide.
většinou	mostly	Většinou pracuji doma.	I mostly work at home.
najednou	suddenly	Najednou odešel.	Suddenly he left.
divadlo	theatre	Divadlo je plné.	The theatre is full.
letos	this year	Letos pracuji víc.	This year I work more.
pravý	right	To je pravý důvod.	That is the real reason.
prezident	president	Prezident vystoupil.	The president spoke.
zahrada	garden	Zahrada je zelená.	The garden is green.
střední	middle	Střední část je prázdná.	The middle part is empty.
číst	to read	Čtu knihu.	I read a book.
nemocnice	hospital	Nemocnice je daleko.	The hospital is far.
připadat	to seem	Připadá mi to zvláštní.	It seems strange to me.
vliv	influence	Vliv je silný.	The influence is strong.
samotný	alone	Samotný člověk čeká.	A lone person waits.
soutěž	competition	Soutěž začíná.	The competition begins.
policie	police	Policie přijela.	The police arrived.
věk	age	Věk není důležitý.	Age is not important.
včetně	including	Včetně tebe všichni přišli.	Including you, everyone came.
široký	wide	Široký stůl je tady.	The wide table is here.
životní	life	Life životní styl je zdravý.	The lifestyle is healthy.
pes	dog	Pes štěká.	The dog barks.
zvíře	animal	Zvíře spí.	The animal sleeps.
použít	to use	Použiju to zítra.	I will use it tomorrow.
spousta	a lot	Spousta lidí odešla.	A lot of people left.
prst	finger	Prst mě bolí.	My finger hurts.
zapomenout	to forget	Zapomněl jsem klíče.	I forgot my keys.
smět	to be allowed	Smím odejít.	I am allowed to leave.
obchod	shop	Obchod je otevřený.	The shop is open.
půl	half	Půl roku čekám.	I have waited half a year.
text	text	Text je krátký.	The text is short.
postup	procedure	Postup je jasný.	The procedure is clear.
ani	not even	Ani já to nevím.	Not even I know it.
téma	topic	Téma je zajímavé.	The topic is interesting.
vedení	leadership	Vedení rozhodlo.	The leadership decided.
líbit	to like	Líbí se mi to.	I like it.
budova	building	Budova je stará.	The building is old.
ptát	to ask	Ptám se na cestu.	I ask for directions.
telefon	phone	Telefon zvoní.	The phone rings.
koupit	to buy	Koupím nový počítač.	I will buy a new computer.
fungovat	to function	Systém funguje dobře.	The system works well.
plocha	area	Plocha je velká.	The area is large.
včera	yesterday	Včera jsem pracoval.	I worked yesterday.
zvednout	to lift	Zvednu krabici.	I will lift the box.
místnost	room	Místnost je prázdná.	The room is empty.
vybrat	to choose	Vyberu si to.	I will choose it.
jistě	surely	Jistě přijdu.	I will surely come.
minulý	last	Minulý týden jsem byl doma.	Last week I was home.
uvidět	to see	Když ho uvidím, řeknu mu pravdu.	When I see him, I will tell him the truth.
moderní	modern	Bydlíme v moderním bytě, který byl nedávno renovován.	We live in a modern apartment that was recently renovated.
blízký	close	V blízké budoucnosti bych chtěl změnit práci.	In the near future I would like to change jobs.
dosáhnout	to achieve	Abych dosáhl cíle, musím pracovat mnohem víc.	To achieve the goal, I must work much more.
zhruba	roughly	Zhruba o hodinu později začala schůzka.	Roughly an hour later the meeting began.
dívka	girl	Dívka, která tam seděla, se na mě usmála.	The girl who was sitting there smiled at me.
postel	bed	Po dlouhém dni jsem spadl do postele úplně vyčerpaný.	After a long day I fell into bed completely exhausted.
využít	to use	Využil jsem příležitost, která se už nemusí opakovat.	I used the opportunity that might not come again.
přinést	to bring	Přinesl jsem ti něco, o čem jsme včera mluvili.	I brought you something we talked about yesterday.
rovněž	also	Rovněž bych rád dodal, že to není konečné rozhodnutí.	I would also like to add that this is not the final decision.
běžný	common	Je to běžný problém, se kterým se setkává mnoho lidí.	It is a common problem many people encounter.
osobní	personal	Mám osobní důvod, proč o tom nechci mluvit.	I have a personal reason why I don't want to talk about it.
nabídka	offer	Nabídka, kterou jsem dostal, byla překvapivě výhodná.	The offer I received was surprisingly good.
pomalu	slowly	Pomalu jsem si začal uvědomovat, co se vlastně stalo.	Slowly I began to realize what had actually happened.
obrovský	huge	Obrovský rozdíl je v tom, jak k tomu přistoupíš.	The huge difference lies in how you approach it.
zvláštní	strange	Připadá mi zvláštní, že o tom nikdo neví.	It seems strange to me that nobody knows about it.
krev	blood	Krev mu tekla z ruky, protože se nešťastně pořezal.	Blood was running from his hand because he accidentally cut himself.
výroba	production	Výroba se zastavila, jelikož chyběly důležité součástky.	Production stopped because important components were missing.
neboť	because	Nemohl přijít, neboť měl naléhavou práci.	He couldn’t come because he had urgent work.
hranice	border	Překročili jsme hranice, aniž bychom si toho všimli.	We crossed the border without noticing it.
stěna	wall	Na stěně visí obraz, který jsem dostal od rodičů.	On the wall hangs a picture I got from my parents.
rada	advice	Dal mi radu, kterou jsem nakonec opravdu využil.	He gave me advice that I eventually really used.
slunce	sun	Slunce zapadlo dřív, než jsme dorazili domů.	The sun set before we arrived home.
červený	red	Měl na sobě červený kabát, který byl vidět na dálku.	He wore a red coat that could be seen from afar.
celkový	total	Celkový počet lidí byl vyšší, než jsme očekávali.	The total number of people was higher than we expected.
jo	yeah	Jo, přesně tak jsem to myslel.	Yeah, that’s exactly what I meant.
občas	sometimes	Občas se stane, že zapomenu, co jsem chtěl říct.	Sometimes it happens that I forget what I wanted to say.
rychlost	speed	Rychlost, kterou jel, byla nebezpečně vysoká.	The speed he was driving at was dangerously high.
manžel	husband	Manžel, který pracuje v zahraničí, přijede až příští týden.	The husband who works abroad will arrive next week.
řízení	driving	Při řízení se musíš soustředit, jinak uděláš chybu.	When driving you must concentrate, otherwise you will make a mistake.
dcera	daughter	Dcera mi řekla, že se chce přihlásit na nový kurz.	My daughter told me she wants to sign up for a new course.
finanční	financial	Finanční situace se zlepšila poté, co změnil práci.	The financial situation improved after he changed jobs.
příští	next	Příští měsíc bychom měli dokončit celý projekt.	Next month we should finish the whole project.
hudba	music	Hudba, kterou poslouchám, mi pomáhá soustředit se.	The music I listen to helps me concentrate.
příjemný	pleasant	Byl to příjemný večer, i když jsme nic zvláštního nedělali.	It was a pleasant evening even though we didn’t do anything special.
kvalita	quality	Kvalita výrobku je lepší, než jsem očekával.	The quality of the product is better than I expected.
přestat	to stop	Přestal jsem o tom přemýšlet, protože to nemělo smysl.	I stopped thinking about it because it made no sense.
sestra	sister	Sestra, která žije v Brně, přijede na víkend.	My sister who lives in Brno will come for the weekend.
jídlo	food	Jídlo, které připravila, chutnalo opravdu skvěle.	The food she prepared tasted really great.
vůz	car	Vůz, který jsme si půjčili, byl překvapivě pohodlný.	The car we rented was surprisingly comfortable.
rychlý	fast	Byl tak rychlý, že ho nikdo nedokázal dohonit.	He was so fast that nobody could catch him.
skutečný	real	Skutečný problém spočívá v tom, že nemáme dost času.	The real problem lies in the fact that we don’t have enough time.
milovat	to love	Miluju chvíle, kdy můžu být úplně sám.	I love moments when I can be completely alone.
obličej	face	Podle jeho obličeje bylo jasné, že se mu to nelíbí.	From his face it was clear he didn’t like it.
představa	idea	Představa, že bych tam měl pracovat, mě trochu děsí.	The idea that I should work there scares me a bit.
dosud	so far	Dosud jsme nenašli nic, co by nám pomohlo.	So far we haven’t found anything that would help us.
tvar	shape	Tvar, který vidíš, není úplně pravidelný.	The shape you see is not completely regular.
napadnout	to occur	Napadlo mě, že bychom to mohli udělat jinak.	It occurred to me that we could do it differently.
datum	date	Datum, které jsi uvedl, nesedí.	The date you provided doesn’t match.
takhle	like this	Takhle to dělat nemůžeš, jinak se to pokazí.	You can’t do it like this, otherwise it will break.
původní	original	Původní plán jsme museli změnit kvůli počasí.	We had to change the original plan because of the weather.
zpátky	back	Vrátil jsem se zpátky domů, protože jsem něco zapomněl.	I went back home because I forgot something.
název	name	Název knihy si nepamatuju, ale byla skvělá.	I don’t remember the book’s name, but it was great.
návrh	proposal	Návrh, který předložil, byl překvapivě dobrý.	The proposal he submitted was surprisingly good.
zrovna	just	Zrovna jsem o tobě přemýšlel, když jsi zavolal.	I was just thinking about you when you called.
hvězda	star	Hvězda, která dnes září, je neobvykle jasná.	The star shining today is unusually bright.
kolik	how much	Kolik času bys potřeboval, abys to dokončil?	How much time would you need to finish it?
tzv	so‑called	Ten tzv. problém je ve skutečnosti docela jednoduchý.	The so‑called problem is actually quite simple.
dvacet	twenty	Dvacet minut jsem čekal, než se objevil.	I waited twenty minutes before he appeared.
obvykle	usually	Obvykle vstávám dřív, ale dnes jsem zaspal.	I usually get up earlier, but today I overslept.
bratr	brother	Bratr, kterého znáš, přijede až večer.	My brother whom you know will arrive in the evening.
náklad	cost	Náklad na opravu byl vyšší, než jsme čekali.	The cost of the repair was higher than we expected.
pochopit	to understand	Po chvíli jsem pochopil, co tím myslel.	After a moment I understood what he meant.
duch	spirit	Duch města je úplně jiný než dřív.	The spirit of the city is completely different than before.
pacient	patient	Pacient, kterého léčí, se pomalu zotavuje.	The patient he treats is slowly recovering.
kluk	boy	Kluk, co tam stál, vypadal nervózně.	The boy who stood there looked nervous.
místo	place	Místo, kde jsme se sešli, bylo tiché.	The place where we met was quiet.
jakýkoli	any	Můžeš si vybrat jakýkoli způsob, který ti vyhovuje.	You can choose any method that suits you.
politika	politics	Politika, o které mluví, je dost komplikovaná.	The politics he talks about is quite complicated.
měnit	to change	Měním plán podle toho, co se právě děje.	I change the plan according to what is happening.
třída	class	Třída, do které chodí, je velmi aktivní.	The class he attends is very active.
smlouva	contract	Smlouva, kterou podepsali, platí tři roky.	The contract they signed is valid for three years.
prostředek	means	Je to prostředek, díky kterému to můžeme dokončit.	It is a means through which we can finish it.
zelený	green	Měl zelený kabát, který byl vidět na dálku.	He had a green coat that could be seen from afar.
zajímat	to interest	Zajímá mě, jak to vlastně funguje.	I’m interested in how it actually works.
strach	fear	Měl strach, že to nezvládne.	He was afraid he wouldn’t manage it.
nacházet	to find	Nacházím v tom víc smyslu, než jsem čekal.	I find more meaning in it than I expected.
všimnout	to notice	Všiml jsem si, že se chová jinak než obvykle.	I noticed he behaves differently than usual.
odpověď	answer	Odpověď, kterou jsem dostal, mě překvapila.	The answer I got surprised me.
okolí	surroundings	Okolí domu je velmi klidné.	The surroundings of the house are very calm.
onen	that	Onen člověk, o kterém jsme mluvili, už odešel.	That person we talked about has already left.
péče	care	Péče, kterou poskytují, je opravdu kvalitní.	The care they provide is really high‑quality.
přístup	approach	Přístup, který zvolil, byl velmi praktický.	The approach he chose was very practical.
řešit	to solve	Snažím se řešit problém, který vznikl včera.	I’m trying to solve the problem that arose yesterday.
organizace	organization	Organizace, která to pořádá, je známá.	The organization that hosts it is well‑known.
pustit	to let go	Pustil jsem to, protože už to nemělo cenu.	I let it go because it no longer made sense.
vysvětlit	to explain	Vysvětlil jsem mu, proč to tak děláme.	I explained to him why we do it this way.
podobně	similarly	Podobně jako ty, i já mám málo času.	Similarly to you, I also have little time.
využívat	to use regularly	Využívám systém, který nám práci výrazně zjednodušuje.	I use a system that greatly simplifies our work.
obyvatel	inhabitant	Obyvatel města je stále víc.	There are more and more inhabitants in the city.
přijet	to arrive	Přijel později, než slíbil.	He arrived later than he promised.
radost	joy	Měl radost, že se to konečně podařilo.	He was happy that it finally succeeded.
postupně	gradually	Postupně jsem si na to začal zvykat.	Gradually I began to get used to it.
daný	given	V dané situaci nemůžeme udělat víc.	In the given situation we cannot do more.
ať	let	Ať si říká, co chce, stejně to udělám.	Let him say what he wants, I’ll do it anyway.
záda	back	Bolí mě záda, protože jsem dlouho seděl.	My back hurts because I sat for a long time.
metoda	method	Metoda, kterou používáme, je velmi efektivní.	The method we use is very effective.
mrtvý	dead	Mrtvý strom museli odstranit.	The dead tree had to be removed.
ministerstvo	ministry	Ministerstvo oznámilo nové změny.	The ministry announced new changes.
silnice	road	Silnice, po které jedeme, je v rekonstrukci.	The road we are driving on is under reconstruction.
poslat	to send	Poslal jsem ti dokument, který potřebuješ.	I sent you the document you need.
rozhodně	definitely	Rozhodně to není tak jednoduché, jak to vypadá.	It definitely isn’t as simple as it looks.
student	student	Student, který sedí vzadu, se hlásil.	The student sitting in the back raised his hand.
ministr	minister	Ministr představil nový plán.	The minister presented a new plan.
studium	study	Studium, které dokončil, mu otevřelo nové možnosti.	The studies he completed opened new opportunities.
přát	to wish	Přeju ti, aby se ti to podařilo.	I wish you that you succeed.
ztratit	to lose	Ztratil jsem něco, co pro mě bylo důležité.	I lost something that was important to me.
postava	character	Postava v knize se chovala velmi zvláštně.	The character in the book behaved very strangely.
ukazovat	to show regularly	Ukazuje mi, jak to mám správně dělat.	He shows me how to do it correctly.
mnohý	many	Mnohý člověk by to nezvládl.	Many people wouldn’t manage it.
příklad	example	Příklad, který uvedl, byl velmi názorný.	The example he gave was very illustrative.
prohlásit	to declare	Prohlásil, že je připraven začít.	He declared he is ready to begin.
list	leaf	List ze stromu spadl na zem.	A leaf from the tree fell to the ground.
večer	evening	Večer, když je ticho, se mi pracuje nejlépe.	In the evening, when it’s quiet, I work best.
hora	mountain	Hora, kterou vidíš, je nejvyšší v okolí.	The mountain you see is the highest in the area.
zemřít	to die	Zemřel, aniž by kdokoli tušil proč.	He died without anyone knowing why.
pomocí	using	Pomocí této metody to zvládneme rychleji.	Using this method we will manage it faster.
otočit	to turn	Otočil se, jako by něco slyšel.	He turned as if he heard something.
ráno	morning	Ráno, když vstanu, potřebuji kávu.	In the morning, when I wake up, I need coffee.
šance	chance	Šance, že to vyjde, je docela vysoká.	The chance that it works out is quite high.
zeď	wall	Zeď byla tak vysoká, že jsme ji nemohli překročit.	The wall was so high we couldn’t cross it.
velice	very	Velice mě překvapilo, jak rychle to udělal.	I was very surprised how quickly he did it.
odpovídat	to correspond	To neodpovídá tomu, co jsme si domluvili.	This doesn’t correspond to what we agreed on.
úspěch	success	Úspěch závisí na tom, jak se připravíš.	Success depends on how you prepare.
šéf	boss	Šéf, kterého znáš, odešel do důchodu.	The boss you know retired.
provoz	operation	Provoz byl omezen kvůli opravám.	Operation was limited due to repairs.
úkol	task	Úkol, který jsem dostal, je poměrně náročný.	The task I received is quite demanding.
teplota	temperature	Teplota klesla, protože se blíží noc.	The temperature dropped because night is approaching.
schopnost	ability	Schopnost učit se rychle je velká výhoda.	The ability to learn quickly is a big advantage.
bezpečný	safe	Je to bezpečný postup, pokud dodržíš pravidla.	It is a safe procedure if you follow the rules.
bavit	to enjoy	Baví mě, když můžu pracovat na něčem, co dává smysl.	I enjoy it when I can work on something that makes sense.
položit	to put down	Položil jsem knihu na stůl, aby ji všichni viděli.	I put the book on the table so everyone could see it.
víno	wine	Víno, které jsme včera pili, bylo překvapivě dobré.	The wine we drank yesterday was surprisingly good.
význam	meaning	Význam toho slova jsem pochopil až později.	I understood the meaning of that word only later.
naprosto	absolutely	To je naprosto jasné, i když se to zdá složité.	That is absolutely clear, even though it seems complicated.
sedm	seven	Sedm lidí čekalo venku, než jsme otevřeli dveře.	Seven people waited outside until we opened the door.
jmenovat	to name	Jmenoval několik důvodů, proč to nechce udělat.	He named several reasons why he doesn’t want to do it.
kultura	culture	Kultura, ve které vyrůstáš, tě ovlivní víc, než si myslíš.	The culture you grow up in influences you more than you think.
výzkum	research	Výzkum ukázal, že výsledky nejsou úplně přesné.	The research showed that the results are not entirely accurate.
vysoko	high	Vysoko nad námi letěl pták, kterého jsem sotva viděl.	A bird flew high above us, and I could barely see it.
území	territory	Území, o které se jedná, je velmi rozlehlé.	The territory in question is very vast.
vyprávět	to tell story	Vyprávěl mi příběh, který jsem ještě nikdy neslyšel.	He told me a story I had never heard before.
pozice	position	Pozice, kterou zastává, je velmi zodpovědná.	The position he holds is very responsible.
příležitost	opportunity	Příležitost, která se naskytla, se už nemusí opakovat.	The opportunity that appeared may not come again.
okamžitě	immediately	Okamžitě jsem pochopil, že je něco špatně.	I immediately understood that something was wrong.
zaměstnanec	employee	Zaměstnanec, který tam pracuje nejdéle, všechno zná.	The employee who has worked there the longest knows everything.
letošní	this year's	Letošní výsledky jsou lepší než ty loňské.	This year's results are better than last year's.
konkrétní	specific	Konkrétní problém, který řešíme, je poměrně složitý.	The specific problem we are solving is quite complex.
někde	somewhere	Někde jsem ten dokument viděl, ale nemůžu si vzpomenout kde.	I saw that document somewhere, but I can’t remember where.
chovat	to behave	Choval se tak, jako by se nic nestalo.	He behaved as if nothing had happened.
nabídnout	to offer	Nabídl mi pomoc, i když jsem o ni nežádal.	He offered me help even though I didn’t ask for it.
příprava	preparation	Příprava na zkoušku trvala déle, než jsem čekal.	Preparation for the exam took longer than I expected.
čelo	forehead	Měl na čele kapku potu, protože byl nervózní.	He had a drop of sweat on his forehead because he was nervous.
týkat	to concern	To se týká všech, kteří se projektu účastní.	This concerns everyone who participates in the project.
večer	evening	Večer, když se setmí, město působí úplně jinak.	In the evening, when it gets dark, the city feels completely different.
závěr	conclusion	Závěr, ke kterému jsme dospěli, je jednoznačný.	The conclusion we reached is clear.
obsahovat	to contain	Text obsahuje informace, které jsou důležité pro rozhodnutí.	The text contains information that is important for the decision.
přijmout	to accept	Přijal nabídku, i když měl určité pochybnosti.	He accepted the offer even though he had some doubts.
ochrana	protection	Ochrana osobních údajů je pro nás zásadní.	Protection of personal data is essential for us.
vážně	seriously	Vážně jsem uvažoval o tom, že odejdu.	I seriously considered leaving.
půda	soil	Půda byla tak tvrdá, že jsme ji nemohli zorat.	The soil was so hard that we couldn’t plow it.
zbytek	rest	Zbytek práce dokončíme zítra, až bude čas.	The rest of the work we’ll finish tomorrow when we have time.
pozornost	attention	Dal jsem tomu pozornost, kterou si to opravdu zasloužilo.	I gave it the attention it truly deserved.
máma	mom	Máma mi řekla, že mám přijít dřív.	Mom told me to come earlier.
papír	paper	Papír, který jsi hledal, byl celou dobu na stole.	The paper you were looking for was on the table the whole time.
trenér	coach	Trenér, který nás vede, má spoustu zkušeností.	The coach who leads us has a lot of experience.
rozhovor	conversation	Rozhovor trval déle, než jsme původně plánovali.	The conversation lasted longer than we originally planned.
umění	art	Umění, které tvoří, je velmi osobité.	The art he creates is very distinctive.
následující	following	Následující kroky budou mnohem náročnější.	The following steps will be much more demanding.
předmět	object	Předmět, který držíš, je velmi cenný.	The object you are holding is very valuable.
řeka	river	Řeka, která tudy protéká, je poměrně široká.	The river that flows here is quite wide.
dětský	children's	Dětský pokoj byl plný hraček.	The children's room was full of toys.
článek	article	Článek, který jsem četl, byl velmi dobře napsaný.	The article I read was very well written.
stroj	machine	Stroj přestal fungovat, protože se přehřál.	The machine stopped working because it overheated.
kůň	horse	Kůň, na kterém jel, byl velmi rychlý.	The horse he rode was very fast.
aplikace	application	Aplikace, kterou používám, se často aktualizuje.	The application I use updates frequently.
příroda	nature	Příroda v této oblasti je opravdu nádherná.	Nature in this area is truly beautiful.
výraz	expression	Výraz v jeho tváři naznačoval, že je nervózní.	The expression on his face suggested he was nervous.
bolest	pain	Bolest, kterou cítil, byla stále silnější.	The pain he felt kept getting stronger.
veškerý	all	Veškerý materiál jsme už použili.	We have already used all the material.
návštěva	visit	Návštěva, která přijela, se zdrží jen krátce.	The visitors who arrived will stay only briefly.
docházet	to occur	Dochází k situacím, které jsme nečekali.	Situations we didn’t expect are occurring.
podstata	essence	Podstata problému je úplně jinde, než si myslíš.	The essence of the problem is somewhere else than you think.
osm	eight	Osm lidí se přihlásilo do kurzu.	Eight people signed up for the course.
m	meter	Mám 2 m látky, což by mělo stačit.	I have 2 meters of fabric, which should be enough.
poměrně	rather	Je to poměrně složité, ale dá se to zvládnout.	It’s rather complicated, but it can be managed.
chování	behavior	Chování, které předvedl, bylo nepřijatelné.	The behavior he showed was unacceptable.
rozvoj	development	Rozvoj města pokračuje rychleji než dřív.	The development of the city continues faster than before.
společně	together	Společně jsme dokázali něco, co by nikdo nečekal.	Together we achieved something nobody expected.
chlapec	boy	Chlapec, který tam seděl, se pořád usmíval.	The boy who sat there kept smiling.
celkem	total	Celkem jsme strávili tři hodiny čekáním.	In total we spent three hours waiting.
obsah	content	Obsah dokumentu je důležitý pro další postup.	The content of the document is important for the next steps.
samý	all the same	Samý problém se opakuje pořád dokola.	The same problem keeps repeating over and over.
televize	television	Televize, kterou jsme koupili, má skvělý obraz.	The television we bought has a great picture.
závod	race	Závod, který se konal včera, byl velmi napínavý.	The race that took place yesterday was very exciting.
připomínat	to remind	Připomíná mi to situaci, kterou jsme řešili loni.	It reminds me of a situation we dealt with last year.
objekt	object	Objekt, který vidíš, je stará továrna.	The object you see is an old factory.
nástroj	tool	Nástroj, který používáme, je velmi přesný.	The tool we use is very precise.
naučit	to learn	Naučil jsem se to až poté, co jsem několikrát selhal.	I learned it only after failing several times.
značka	brand	Značka, kterou preferuji, je spolehlivá.	The brand I prefer is reliable.
kůže	skin	Kůže na jeho rukou byla velmi suchá.	The skin on his hands was very dry.
pozorovat	to observe	Pozoroval jsem, jak se situace postupně mění.	I observed how the situation gradually changed.
vloni	last year	Vloni jsme cestovali mnohem víc než letos.	Last year we traveled much more than this year.
mezinárodní	international	Mezinárodní spolupráce je pro projekt klíčová.	International cooperation is key for the project.
desítka	ten-group	Desítka lidí čekala před budovou.	A group of ten people waited in front of the building.
nicméně	however	Nicméně musíme počkat, než dostaneme další informace.	However, we must wait until we get more information.
ven	outside	Vyšel jsem ven, abych se nadechl čerstvého vzduchu.	I went outside to get some fresh air.
tentokrát	this time	Tentokrát to dopadlo lépe, než jsem čekal.	This time it turned out better than I expected.
manželka	wife	Manželka, která pracuje doma, dnes nemá čas.	The wife who works from home doesn’t have time today.
přestože	although	Přestože pršelo, rozhodli jsme se pokračovat.	Although it was raining, we decided to continue.
tradiční	traditional	Tradiční jídlo, které jsme jedli, bylo výborné.	The traditional food we ate was excellent.
zvuk	sound	Zvuk, který jsem slyšel, byl velmi tichý.	The sound I heard was very quiet.
vlna	wave	Vlna, která se přiblížila, byla nečekaně vysoká.	The wave that approached was unexpectedly high.
zavolat	to call	Zavolal jsem mu, aby věděl, že přijdu později.	I called him so he would know I’d arrive later.
úspěšný	successful	Úspěšný projekt vyžaduje dobré plánování.	A successful project requires good planning.
technický	technical	Technický problém způsobil velké zpoždění.	A technical problem caused a big delay.
dokud	until	Dokud to nedokončíme, nemůžeme odejít.	Until we finish it, we cannot leave.
bohužel	unfortunately	Bohužel se nám nepodařilo najít řešení.	Unfortunately we didn’t manage to find a solution.
stupeň	degree	Stupeň obtížnosti je vyšší, než se zdá.	The degree of difficulty is higher than it seems.
pohybovat	to move	Pohyboval se tak opatrně, jako by se bál.	He moved so carefully as if he were afraid.
táta	dad	Táta mi řekl, že mám být opatrný.	Dad told me to be careful.
výrazně	significantly	Výrazně se to zlepšilo poté, co jsme změnili postup.	It improved significantly after we changed the procedure.
nést	to carry	Nesl tašku, která byla nečekaně těžká.	He carried a bag that was unexpectedly heavy.
vzhledem	considering	Vzhledem k situaci je to nejlepší řešení.	Considering the situation, it is the best solution.
pamatovat	to remember	Pamatuju si, že jsme o tom už mluvili.	I remember that we already talked about it.
umožňovat	to enable	Systém umožňuje, aby se data sdílela automaticky.	The system enables the data to be shared automatically.
deska	board	Deska, na které píšeš, je příliš malá.	The board you are writing on is too small.
voják	soldier	Voják, který tam stál, vypadal unaveně.	The soldier who stood there looked tired.
dolů	down	Slez dolů, než se něco stane.	Come down before something happens.
řeč	speech	Řeč, kterou pronesl, byla velmi přesvědčivá.	The speech he delivered was very convincing.
vrstva	layer	Vrstva prachu pokryla celý stůl.	A layer of dust covered the entire table.
modrý	blue	Měl modrý kabát, který jsem hned poznal.	He had a blue coat that I recognized immediately.
kilometr	kilometer	Ušli jsme několik kilometrů, než jsme dorazili.	We walked several kilometers before we arrived.
sto	hundred	Sto lidí se zúčastnilo konference.	A hundred people attended the conference.
univerzita	university	Univerzita, na které studuje, je velmi prestižní.	The university he studies at is very prestigious.
čistý	clean	Čistý vzduch mi pomohl cítit se lépe.	Clean air helped me feel better.
provést	to carry out	Provedl jsem změny, které byly nutné.	I carried out the changes that were necessary.
proto	therefore	Proto jsme se rozhodli pokračovat jinak.	Therefore we decided to continue differently.
úprava	adjustment	Úprava systému zabrala víc času, než jsme čekali.	The adjustment of the system took more time than we expected.
kamarád	friend	Kamarád, kterého znáš, přijde později.	The friend you know will come later.
jakmile	as soon as	Jakmile to dokončíme, můžeme odejít.	As soon as we finish it, we can leave.
chuť	taste	Chuť jídla byla mnohem lepší než obvykle.	The taste of the food was much better than usual.
uvědomit	to realize	Uvědomil jsem si chybu.	I realized the mistake.
zákazník	customer	Zákazník čeká venku.	The customer waits outside.
aktivita	activity	Aktivita trvala krátce.	The activity lasted briefly.
historie	history	Historie mě baví.	History interests me.
snímek	snapshot	Snímek byl rozmazaný.	The snapshot was blurry.
banka	bank	Banka dnes zavřela.	The bank closed today.
událost	event	Událost byla významná.	The event was significant.
prvek	element	Prvek chybí úplně.	The element is completely missing.
povrch	surface	Povrch je hladký.	The surface is smooth.
kousek	piece	Kousek chleba zbyl.	A piece of bread remained.
spojený	connected	Oba problémy jsou spojené.	Both problems are connected.
loď	ship	Loď odplula ráno.	The ship sailed in the morning.
dít	to happen	Co se tady děje.	What is happening here.
vysvětlovat	to explain	Vysvětluju látku pomalu.	I explain the material slowly.
jezdit	to ride	Jezdím tam denně.	I ride there daily.
vracet	to return	Vracím se domů.	I’m returning home.
ať	let	Ať to udělá hned.	Let him do it now.
chyba	mistake	Chyba byla velká.	The mistake was big.
šťastný	happy	Jsem dnes šťastný.	I am happy today.
minulost	past	Minulost je pryč.	The past is gone.
aspoň	at least	Aspoň něco udělej.	Do at least something.
moře	sea	Moře je klidné.	The sea is calm.
podnik	business	Podnik rychle roste.	The business grows quickly.
špatně	badly	Cítím se špatně.	I feel bad.
proud	stream	Proud vody sílí.	The water stream strengthens.
snadno	easily	Snadno to opravím.	I can fix it easily.
přicházet	to come	Přichází pozdě často.	He comes late often.
chápat	to understand	Chápu to správně.	I understand it correctly.
miliarda	billion	Má miliardu korun.	He has a billion crowns.
správný	correct	Správný postup pomáhá.	The correct procedure helps.
krátký	short	Krátký text stačí.	The short text is enough.
pole	field	Pole je prázdné.	The field is empty.
většinou	mostly	Většinou chodím pěšky.	I mostly walk.
najednou	suddenly	Najednou to zmizelo.	Suddenly it disappeared.
divadlo	theatre	Divadlo bylo plné.	The theatre was full.
letos	this year	Letos začnu znovu.	This year I’ll start again.
pravý	right	Pravý bok bolí.	My right side hurts.
prezident	president	Prezident vystoupil dnes.	The president spoke today.
zahrada	garden	Zahrada je krásná.	The garden is beautiful.
střední	middle	Střední část chybí.	The middle part is missing.
číst	to read	Čtu každý večer.	I read every evening.
nemocnice	hospital	Nemocnice je plná.	The hospital is full.
připadat	to seem	Připadá mi to zvláštní.	It seems strange to me.
vliv	influence	Vliv byl silný.	The influence was strong.
samotný	alone	Samotný člověk čekal.	The lone person waited.
soutěž	competition	Soutěž začala včera.	The competition started yesterday.
policie	police	Policie přijela rychle.	The police arrived quickly.
věk	age	Věk nehraje roli.	Age doesn’t matter.
včetně	including	Včetně mě tam byli.	Including me, they were there.
široký	wide	Široký most stojí.	The wide bridge stands.
životní	life-related	Životní styl pomáhá.	The lifestyle helps.
pes	dog	Pes běží venku.	The dog runs outside.
zvíře	animal	Zvíře se schovalo.	The animal hid.
použít	to use	Použiju to zítra.	I’ll use it tomorrow.
spousta	a lot	Spousta lidí odešla.	A lot of people left.
prst	finger	Prst mě bolí.	My finger hurts.
zapomenout	to forget	Zapomněl jsem klíče.	I forgot my keys.
smět	to be allowed	Smím odejít brzy.	I’m allowed to leave early.
obchod	shop	Obchod je zavřený.	The shop is closed.
půl	half	Půl práce zbývá.	Half the work remains.
text	text	Text je krátký.	The text is short.
postup	procedure	Postup byl správný.	The procedure was correct.
ani	not even	Ani jsem nepřišel.	I didn’t even come.
téma	topic	Téma je složité.	The topic is complex.
vedení	leadership	Vedení rozhodlo rychle.	The leadership decided quickly.
líbit	to like	Líbí se mi to.	I like it.
budova	building	Budova je stará.	The building is old.
ptát	to ask	Ptám se na cestu.	I ask for directions.
telefon	phone	Telefon zvoní dlouho.	The phone rings long.
koupit	to buy	Koupím nový stůl.	I’ll buy a new table.
fungovat	to function	Funguje to správně.	It works correctly.
plocha	area	Plocha je velká.	The area is large.
včera	yesterday	Včera jsem tam byl.	I was there yesterday.
zvednout	to lift	Zvedl těžký kufr.	He lifted a heavy suitcase.
místnost	room	Místnost je prázdná.	The room is empty.
rodinný	family	Rodinný dům, ve kterém žijí, je velmi starý.	The family house they live in is very old.
speciální	special	Speciální nabídka platí jen do konce týdne.	The special offer is valid only until the end of the week.
živý	alive	Byl živý, i když to vypadalo beznadějně.	He was alive even though it looked hopeless.
těšit	to look forward	Těším se, až to konečně dokončíme.	I look forward to finally finishing it.
doktor	doctor	Doktor, který mě ošetřoval, byl velmi milý.	The doctor who treated me was very kind.
výběr	selection	Výběr možností je mnohem širší než dřív.	The selection of options is much broader than before.
s	with	S tím už nic neuděláme.	We can’t do anything about that anymore.
vzpomínat	to remember	Vzpomínám na chvíle, kdy jsme spolu pracovali.	I remember the moments when we worked together.
štěstí	luck	Měl jsem štěstí, že jsem tam byl včas.	I was lucky that I was there on time.
úsměv	smile	Úsměv na jeho tváři zmizel, když to slyšel.	The smile on his face disappeared when he heard it.
vlastnost	trait	Vlastnost, kterou si na něm cením, je trpělivost.	The trait I value in him is patience.
kvalitní	high-quality	Kvalitní materiál vydrží mnohem déle.	High-quality material lasts much longer.
dovolit	to allow	Nemůžu si dovolit čekat další týden.	I cannot afford to wait another week.
jednotka	unit	Jednotka, kterou používáme, je standardní.	The unit we use is standard.
mluvčí	spokesperson	Mluvčí oznámil, že se situace změnila.	The spokesperson announced that the situation has changed.
obchodní	business	Obchodní jednání trvalo celý den.	The business meeting lasted all day.
tolik	so much	Nemám tolik času, kolik bych potřeboval.	I don’t have as much time as I would need.
nikoli	not	Nikoli já, ale on to musí udělat.	Not me, but him — he must do it.
růst	growth	Růst firmy je rychlejší, než se očekávalo.	The company’s growth is faster than expected.
rostlina	plant	Rostlina, kterou jsem zasadil, se pomalu rozrůstá.	The plant I planted is slowly growing.
prosit	to ask	Musím prosit o pomoc.	I must ask for help.
volný	free	Mám dnes volný den.	I have a free day today.
sloužit	to serve	Tento nástroj má sloužit lidem.	This tool is meant to serve people.
pomáhat	to help	Rád pomáhám kamarádům.	I like helping friends.
počítat	to count	Dítě se učí počítat do deseti.	The child learns to count to ten.
látka	material	Ta látka je velmi jemná.	That fabric is very soft.
přidat	to add	Můžeš přidat trochu cukru?	Can you add a bit of sugar?
otevřený	open	Obchod je dnes otevřený.	The shop is open today.
počítač	computer	Počítač se právě aktualizuje.	The computer is updating.
zůstávat	to stay	Raději zůstávám doma.	I prefer staying home.
kámen	stone	Na cestě leží velký kámen.	A big stone lies on the path.
dnešní	today’s	Dnešní úkol je jednoduchý.	Today’s task is simple.
vnitřní	internal	Mám silný vnitřní pocit.	I have a strong inner feeling.
hodit	to throw	Hodil míč přes plot.	He threw the ball over the fence.
technologie	technology	Moderní technologie mě baví.	I enjoy modern technology.
jakýsi	some kind	Tam stojí jakýsi muž.	Some kind of man is standing there.
pán	gentleman	Pán čeká u dveří.	The gentleman is waiting at the door.
docela	quite	Je to docela dobré.	It is quite good.
zmizet	to disappear	Auto zmizelo za rohem.	The car disappeared around the corner.
majitel	owner	Majitel domu je pryč.	The owner of the house is away.
kuchyně	kitchen	Kuchyně je čistá.	The kitchen is clean.
pravidlo	rule	To je základní pravidlo.	That is a basic rule.
rozhodnutí	decision	Rozhodnutí bylo těžké.	The decision was difficult.
nějak	somehow	Nějak to zvládneme.	We will manage somehow.
doufat	to hope	Doufám v lepší den.	I hope for a better day.
průběh	progress	Průběh práce je pomalý.	The progress of the work is slow.
rozumět	to understand	Nerozumím té větě.	I don’t understand that sentence.
spát	to sleep	Dítě už spí.	The child is already sleeping.
znít	to sound	To zní dobře.	That sounds good.
vycházet	to go out	Každé ráno vycházím brzy.	I go out early every morning.
dopis	letter	Dostal jsem dlouhý dopis.	I received a long letter.
kus	piece	Dal mi malý kus chleba.	He gave me a small piece of bread.
vyhrát	to win	Chci vyhrát soutěž.	I want to win the competition.
boj	fight	Boj trval dlouho.	The fight lasted long.
velikost	size	Potřebuji jinou velikost.	I need a different size.
předtím	before	Předtím jsem tam nebyl.	I wasn’t there before.
host	guest	Host už odešel.	The guest has already left.
jednání	meeting	Jednání začne v deset.	The meeting starts at ten.
projít	to pass	Projdu parkem domů.	I will walk home through the park.
městský	urban	Městský život je rušný.	Urban life is busy.
fotografie	photograph	Tato fotografie je stará.	This photograph is old.
sen	dream	Měl jsem zvláštní sen.	I had a strange dream.
uvědomit	to realize	Uvědomil jsem si chybu.	I realized the mistake.
zákazník	customer	Zákazník čeká u pokladny.	The customer is waiting at the checkout.
aktivita	activity	Tato aktivita je zábavná.	This activity is fun.
historie	history	Historie mě zajímá.	History interests me.
snímek	snapshot	Snímek byl rozmazaný.	The snapshot was blurry.
banka	bank	Banka je dnes zavřená.	The bank is closed today.
událost	event	Událost byla úspěšná.	The event was successful.
prvek	element	To je důležitý prvek.	That is an important element.
povrch	surface	Povrch stolu je hladký.	The surface of the table is smooth.
kousek	piece	Dal mi kousek koláče.	He gave me a piece of cake.
spojený	connected	Oba problémy jsou spojené.	Both problems are connected.
loď	ship	Loď odplula ráno.	The ship sailed in the morning.
dít	to happen	Co se tady děje?	What is happening here?
vysvětlovat	to explain	Učitel vysvětluje látku.	The teacher explains the material.
jezdit	to ride	Každý den jezdím autobusem.	I ride the bus every day.
vracet	to return	Vracím se domů.	I am returning home.
ať	let	Ať to udělá hned.	Let him do it now.
chyba	mistake	To byla velká chyba.	That was a big mistake.
šťastný	happy	Jsem dnes šťastný.	I am happy today.
minulost	past	Minulost je za námi.	The past is behind us.
aspoň	at least	Aspoň něco udělej.	Do at least something.
moře	sea	Moře je klidné.	The sea is calm.
podnik	business	Podnik roste rychle.	The business is growing fast.
špatně	badly	Dnes se cítím špatně.	I feel bad today.
proud	stream	Proud vody je silný.	The stream of water is strong.
snadno	easily	To lze snadno opravit.	It can be easily fixed.
přicházet	to come	Přichází pozdě.	He comes late.
spolupráce	cooperation	Spolupráce byla úspěšná.	The cooperation was successful.
rostlina	plant	Rostlina potřebuje světlo.	The plant needs light.
ekonomický	economic	Ekonomický růst je stabilní.	Economic growth is stable.
ačkoli	although	Ačkoli prší, jdeme ven.	Although it rains, we go out.
zdravotní	health	Zdravotní stav je dobrý.	The health condition is good.
konstrukce	construction	Konstrukce je pevná.	The construction is solid.
ohled	regard	Ber to v ohled.	Take it into consideration.
styl	style	Má dobrý styl.	He has good style.
vůči	towards	Je laskavý vůči dětem.	He is kind towards children.
zlatý	golden	Má zlatý prsten.	She has a golden ring.
kontrola	control	Kontrola proběhla dobře.	The inspection went well.
klient	client	Klient čeká na smlouvu.	The client is waiting for the contract.
fakt	fact	To je známý fakt.	That is a known fact.
hluboký	deep	Je to hluboká řeka.	It is a deep river.
stavební	construction	Stavební práce začaly.	Construction work has begun.
pouhý	mere	Je to pouhý detail.	It is a mere detail.
důsledek	consequence	Důsledek byl jasný.	The consequence was clear.
doprava	transport	Doprava je pomalá.	Traffic is slow.
věda	science	Věda mě baví.	Science interests me.
ústa	mouth	Otevři ústa.	Open your mouth.
vnímat	to perceive	Nevnímám žádný zvuk.	I don’t perceive any sound.
dostávat	to receive	Dostávám mnoho e-mailů.	I receive many emails.
teorie	theory	Teorie je složitá.	The theory is complex.
pokusit	to attempt	Pokusím se to udělat.	I will attempt to do it.
bydlet	to live	Bydlím v Praze.	I live in Prague.
zástupce	representative	Zástupce firmy přijel.	The company representative arrived.
verze	version	Toto je nová verze.	This is the new version.
obor	field	Studuji technický obor.	I study a technical field.
stávat	to become	Stává se to často.	It happens often.
předpokládat	to assume	Předpokládám, že přijde.	I assume he will come.
obrázek	picture	Obrázek visí na stěně.	The picture hangs on the wall.
kdysi	once	Kdysi jsem tam bydlel.	I once lived there.
stovka	hundred	Mám stovku v kapse.	I have a hundred in my pocket.
hledisko	aspect	Z tohoto hlediska stačí.	From this aspect it’s enough.
září	September	Září bývá chladné.	September is usually cold.
vznik	origin	Vznik problému je jasný.	The origin of the problem is clear.
cm	centimeter	Má jen pět cm.	It is only five cm.
opustit	to leave	Opustil mě bez slova.	He left me without a word.
ztráta	loss	Ztráta byla velká.	The loss was big.
drobný	tiny	Je to drobný detail.	It is a tiny detail.
avšak	however	Avšak nic se nestalo.	However, nothing happened.
scéna	scene	Scéna byla temná.	The scene was dark.
liga	league	Liga začíná v sobotu.	The league starts on Saturday.
anebo	or	Můžeš jít, anebo čekat.	You can go or wait.
napětí	tension	Napětí mezi nimi roste.	Tension between them grows.
přesvědčit	to convince	Přesvědčil mě rychle.	He convinced me quickly.
vítr	wind	Vítr fouká silně.	The wind blows strongly.
duše	soul	Je to dobrá duše.	He is a good soul.
technika	technique	Tato technika funguje.	This technique works.
zima	winter	Zima letos začala brzy.	Winter started early this year.
učitel	teacher	Učitel čeká ve třídě.	The teacher waits in the classroom.
partner	partner	Partner odešel domů.	The partner went home.
pevný	firm	Stůl je pevný.	The table is firm.
dozvědět	to find out	Dozvěděl jsem se pravdu.	I found out the truth.
struktura	structure	Struktura textu je jasná.	The structure of the text is clear.
produkt	product	Produkt dorazil včas.	The product arrived on time.
volat	to call	Volám mu každý den.	I call him every day.
domov	home	Domov je tam, kde jsi.	Home is where you are.
dolar	dollar	Mám jen jeden dolar.	I have only one dollar.
zavřít	to close	Zavřel dveře potichu.	He closed the door quietly.
kulturní	cultural	Kulturní akce začíná.	The cultural event begins.
souvislost	connection	Souvislost je zřejmá.	The connection is obvious.
výška	height	Výška budovy je velká.	The height of the building is large.
zabít	to kill	Nechtěl nikoho zabít.	He didn’t want to kill anyone.
výhoda	advantage	To je velká výhoda.	That is a big advantage.
komunikace	communication	Komunikace selhala úplně.	Communication failed completely.
skvělý	great	Byl to skvělý den.	It was a great day.
park	park	Park je dnes prázdný.	The park is empty today.
kostel	church	Kostel stojí na kopci.	The church stands on a hill.
dodávat	to supply	Dodáváme čerstvé ovoce.	We supply fresh fruit.
divák	viewer	Divák odešel brzy.	The viewer left early.
generace	generation	Nová generace přichází.	A new generation is coming.
potvrdit	to confirm	Potvrdil čas schůzky.	He confirmed the meeting time.
léto	summer	Léto končí pomalu.	Summer ends slowly.
předseda	chairman	Předseda mluví první.	The chairman speaks first.
obr	giant	Obr stál u brány.	The giant stood at the gate.
vznikat	to arise	Problém vzniká znovu.	The problem arises again.
určit	to determine	Určil přesné místo.	He determined the exact place.
stanice	station	Stanice je daleko.	The station is far.
drahý	expensive	To auto je drahé.	That car is expensive.
počátek	beginning	Počátek byl těžký.	The beginning was difficult.
gól	goal	Dal první gól.	He scored the first goal.
pryč	away	Všichni jsou pryč.	Everyone is gone.
kategorie	category	Kategorie je jasně daná.	The category is clearly set.
vstoupit	to enter	Vstoupil do místnosti.	He entered the room.
utkání	match	Utkání skončilo remízou.	The match ended in a draw.
všude	everywhere	Bylo tam všude ticho.	There was silence everywhere.
svatý	holy	Svatý muž odešel.	The holy man left.
učit	to teach	Učím děti angličtinu.	I teach children English.
návštěvník	visitor	Návštěvník čeká venku.	The visitor waits outside.
konečný	final	Konečný výsledek známe.	We know the final result.
ucho	ear	Ucho mě bolí.	My ear hurts.
přírodní	natural	Přírodní barva vydrží.	The natural color lasts.
cizí	foreign	Cizí jazyk je těžký.	A foreign language is hard.
maso	meat	Maso je čerstvé.	The meat is fresh.
veřejnost	public	Veřejnost to neví.	The public doesn’t know.
maminka	mom	Maminka vaří večeři.	Mom cooks dinner.
dispozice	disposition	Mám vše k dispozici.	I have everything available.
střecha	roof	Střecha je nová.	The roof is new.
ruský	Russian	Ruský film běžel včera.	A Russian film played yesterday.
zkusit	to try	Zkusím to znovu.	I will try again.
následovat	to follow	Následuji jeho rady.	I follow his advice.
uživatel	user	Uživatel změnil heslo.	The user changed the password.
neustále	constantly	Neustále pracuje doma.	He constantly works at home.
náročný	demanding	Úkol byl velmi náročný.	The task was very demanding.
prodej	sale	Prodej začíná zítra ráno.	The sale starts tomorrow morning.
dávno	long ago	Už dávno odešel.	He left long ago.
vyrazit	to set out	Vyrazíme hned ráno.	We set out early morning.
takto	like this	Takto to nefunguje.	It doesn’t work like this.
internet	internet	Internet dnes nefunguje.	The internet doesn’t work today.
souhlasit	to agree	Souhlasím s tebou.	I agree with you.
řídit	to drive	Řídím auto opatrně.	I drive the car carefully.
krk	neck	Bolí mě krk.	My neck hurts.
krajina	landscape	Krajina byla nádherná.	The landscape was beautiful.
vždyť	after all	Vždyť to víš.	You know it after all.
hudební	musical	Hudební festival začal.	The music festival started.
krize	crisis	Krize trvá dlouho.	The crisis lasts long.
hotel	hotel	Hotel je plně obsazen.	The hotel is fully booked.
setkat	to meet	Setkám se s ním.	I will meet him.
motor	engine	Motor běží tiše.	The engine runs quietly.
předchozí	previous	Předchozí verze chybovala.	The previous version had errors.
praxe	practice	Praxe byla užitečná.	The practice was useful.
prázdný	empty	Pokoj je úplně prázdný.	The room is completely empty.
blízko	close	Bydlím blízko školy.	I live close to the school.
bránit	to defend	Bráním svůj názor.	I defend my opinion.
povinnost	duty	Povinnost je jasná.	The duty is clear.
režim	mode	Režim se změnil.	The mode changed.
pokus	attempt	Pokus selhal znovu.	The attempt failed again.
noviny	newspaper	Noviny vyšly dnes.	The newspaper came out today.
společenský	social	Společenský život roste.	Social life is growing.
sport	sport	Sport mi pomáhá.	Sport helps me.
tušit	to suspect	Tuším, co chceš.	I suspect what you want.
uvádět	to state	Uvádím jen fakta.	I state only facts.
ozvat	to call back	Ozvu se později.	I’ll call back later.
francouzský	French	Francouzský film běžel.	A French film played.
povídat	to chat	Povídáme si často.	We chat often.
dojem	impression	Mám dobrý dojem.	I have a good impression.
naděje	hope	Naděje stále existuje.	Hope still exists.
zabývat	to deal with	Zabývám se tím.	I deal with it.
okraj	edge	Stál na okraji.	He stood at the edge.
nosit	to wear	Nosím černé tričko.	I wear a black shirt.
mozek	brain	Mozek pracuje rychle.	The brain works fast.
smát	to laugh	Směju se potichu.	I laugh quietly.
karta	card	Karta nefunguje správně.	The card doesn’t work properly.
dřevěný	wooden	Dřevěný stůl vrže.	The wooden table creaks.
jižní	southern	Jižní část města roste.	The southern part grows.
způsobit	to cause	Způsobil velké škody.	He caused great damage.
titul	title	Získal nový titul.	He earned a new title.
nejprve	first	Nejprve to zkusím.	First I’ll try it.
záležet	to depend	Záleží na tobě.	It depends on you.
právní	legal	Právní spor skončil.	The legal dispute ended.
ret	lip	Ret mě bolí.	My lip hurts.
délka	length	Délka filmu je krátká.	The film length is short.
hrozit	to threaten	Hrozí velké riziko.	A big risk threatens.
zbraň	weapon	Zbraň byla nalezena.	The weapon was found.
sobota	Saturday	Sobota bude klidná.	Saturday will be calm.
spíš	rather	Spíš bych odešel.	I would rather leave.
hovořit	to speak	Hovořím pomalu.	I speak slowly.
zvolit	to choose	Zvolil správně.	He chose correctly.
dokument	document	Dokument jsem četl.	I read the document.
přiznat	to admit	Přiznal svou chybu.	He admitted his mistake.
správa	administration	Správa budovy selhala.	The building administration failed.
paměť	memory	Paměť se zlepšila.	Memory improved.
údaj	data	Údaj není přesný.	The data is not accurate.
stopa	trace	Stopa vede dál.	The trace leads further.
odborník	expert	Odborník radil dobře.	The expert advised well.
časopis	magazine	Časopis vyšel včera.	The magazine came out yesterday.
nijak	no way	Nijak to nepomohlo.	It didn’t help at all.
odborný	professional	Odborný názor chybí.	A professional opinion is missing.
řád	order	Řád byl porušen.	The order was violated.
sportovní	sport	Sportovní akce začala.	The sports event began.
složitý	complex	Problém je složitý.	The problem is complex.
kontakt	contact	Kontakt jsem ztratil.	I lost the contact.
bojovat	to fight	Bojoval až do konce.	He fought until the end.
založit	to found	Založil novou firmu.	He founded a new company.
pivo	beer	Pivo bylo studené.	The beer was cold.
horní	upper	Horní část padá.	The upper part is falling.
západní	western	Západní vítr fouká.	The western wind blows.
buď	either	Buď přijdeš, nebo ne.	Either you come or not.
krátce	briefly	Krátce jsem tam byl.	I was there briefly.
soukromý	private	Mám soukromý problém.	I have a private problem.
zpět	back	Vrátím se zpět domů.	I’ll return back home.
občan	citizen	Každý občan má práva.	Every citizen has rights.
přirozený	natural	Přirozený tón zní lépe.	A natural tone sounds better.
vyžadovat	to require	To vyžaduje čas.	It requires time.
použití	use	Použití je jednoduché.	The use is simple.
růst	growth	Růst cen pokračuje.	Price growth continues.
vojenský	military	Vojenský plán selhal.	The military plan failed.
šaty	dress	Šaty jsou příliš krátké.	The dress is too short.
jasně	clearly	Jasně to řekl.	He said it clearly.
riziko	risk	Riziko stále trvá.	The risk still remains.
uvažovat	to consider	Uvažuju o změně.	I’m considering a change.
konat	to act	Konám podle pravidel.	I act according to rules.
běžet	to run	Běžím domů rychle.	I run home quickly.
moc	power	Má velkou moc.	He has great power.
analýza	analysis	Analýza ukázala chybu.	The analysis showed an error.
vydržet	to endure	Vydržím to chvíli.	I’ll endure it for a while.
ročník	year	Je to starý ročník.	It’s an old vintage.
dopravní	traffic	Dopravní situace horší.	The traffic situation is worse.
lehký	light	Je to lehký úkol.	It’s an easy task.
starosta	mayor	Starosta odešel brzy.	The mayor left early.
tolik	so much	Nemám tolik času.	I don’t have that much time.
vadit	to bother	To mi nevadí.	It doesn’t bother me.
záležitost	matter	Záležitost je složitá.	The matter is complicated.
případně	possibly	Případně přijdu později.	I may come later.
mistr	master	Mistr dokončil práci.	The master finished the work.
zdravý	healthy	Jsem dnes zdravý.	I am healthy today.
holka	girl	Holka se směje.	The girl is laughing.
mysl	mind	Mysl je klidná.	The mind is calm.
stín	shadow	Stín padá na zem.	The shadow falls on the ground.
zub	tooth	Zub mě bolí.	My tooth hurts.
zadní	rear	Zadní dveře vržou.	The rear door creaks.
opakovat	to repeat	Opakuju to často.	I repeat it often.
osud	fate	Osud nás spojil.	Fate brought us together.
rána	blow	Rána byla silná.	The blow was strong.
uvedený	stated	Uvedený text chybí.	The stated text is missing.
využití	use	Využití je omezené.	The use is limited.
x	x	Písmeno X chybí.	The letter X is missing.
bota	boot	Bota je mokrá.	The boot is wet.
náměstí	square	Náměstí je prázdné.	The square is empty.
vozidlo	vehicle	Vozidlo zastavilo náhle.	The vehicle stopped suddenly.
svoboda	freedom	Svoboda je důležitá.	Freedom is important.
zdraví	health	Zdraví se zlepšuje.	Health is improving.
plyn	gas	Plyn uniká ven.	Gas is leaking out.
elektrický	electric	Elektrický proud bolí.	Electric current hurts.
píseň	song	Píseň zní krásně.	The song sounds beautiful.
král	king	Král sedí na trůnu.	The king sits on the throne.
objevovat	to discover	Objevuju nové věci.	I discover new things.
pocházet	to come from	Pocházím z Prahy.	I come from Prague.
nemoc	illness	Nemoc trvá dlouho.	The illness lasts long.
snadný	easy	Úkol je snadný.	The task is easy.
končit	to end	Film končí brzy.	The movie ends soon.
nalézt	to find	Nalezl řešení rychle.	He found a solution quickly.
klidně	calmly	Klidně počkám venku.	I’ll wait outside calmly.
potřebný	needed	Potřebný čas nemám.	I don’t have the needed time.
vzpomenout	to remember	Vzpomněl jsem si.	I remembered.
vstup	entry	Vstup je zakázán.	Entry is forbidden.
dřevo	wood	Dřevo je mokré.	The wood is wet.
jestliže	if	Jestliže přijdeš, začnu.	If you come, I’ll start.
nově	newly	Nově to funguje.	It works newly.
princip	principle	Princip je jednoduchý.	The principle is simple.
vlak	train	Vlak přijel pozdě.	The train arrived late.
armáda	army	Armáda postupuje dál.	The army advances further.
nápad	idea	Nápad se mi líbí.	I like the idea.
požádat	to request	Požádal o pomoc.	He asked for help.
fond	fund	Fond roste pomalu.	The fund grows slowly.
útok	attack	Útok začal náhle.	The attack began suddenly.
podíl	share	Podíl je malý.	The share is small.
leden	January	Leden bývá studený.	January is usually cold.
jaro	spring	Jaro začalo brzy.	Spring started early.
reagovat	to react	Reaguju okamžitě.	I react immediately.
květen	May	Květen bývá teplý.	May is usually warm.
přinášet	to bring	Přináším dobré zprávy.	I bring good news.
milimetr	millimeter	Chybí jeden milimetr.	One millimeter is missing.
osobnost	personality	Je silná osobnost.	He is a strong personality.
hrad	castle	Hrad stojí na kopci.	The castle stands on a hill.
vzpomínka	memory	Vzpomínka rychle mizí.	The memory fades quickly.
padnout	to fall	Padl na zem.	He fell to the ground.
starost	worry	Starost mě tíží.	The worry burdens me.
krajský	regional	Krajský úřad zavřel.	The regional office closed.
projev	speech	Projev trval krátce.	The speech lasted briefly.
oznámit	to announce	Oznámil důležité zprávy.	He announced important news.
podporovat	to support	Podporuju jeho plán.	I support his plan.
udržet	to keep	Udržím to tajné.	I will keep it secret.
herec	actor	Herec odešel brzy.	The actor left early.
vejít	to enter	Vejdu dovnitř potichu.	I’ll enter quietly.
vodní	water	Vodní hladina stoupá.	The water level rises.
seznam	list	Seznam je krátký.	The list is short.
současně	simultaneously	Dělám to současně.	I do it simultaneously.
typický	typical	Typický příklad chybí.	A typical example is missing.
popsat	to describe	Popsal celý problém.	He described the whole problem.
setkání	meeting	Setkání začalo pozdě.	The meeting started late.
dvakrát	twice	Byl tam dvakrát.	He was there twice.
restaurace	restaurant	Restaurace je plná.	The restaurant is full.
pravděpodobně	probably	Pravděpodobně přijde zítra.	He will probably come tomorrow.
závislý	dependent	Je závislý na pomoci.	He is dependent on help.
odmítnout	to refuse	Odmítl nabídku ihned.	He refused the offer immediately.
výše	height	Výše budovy roste.	The building height increases.
narodit	to be born	Narodil se v Praze.	He was born in Prague.
fáze	phase	Fáze projektu končí.	The project phase ends.
činit	to act	Činím podle pravidel.	I act according to rules.
tvorba	creation	Tvorba textu pokračuje.	Text creation continues.
chodba	hallway	Chodba je úzká.	The hallway is narrow.
ostrov	island	Ostrov je neobydlený.	The island is uninhabited.
dorazit	to arrive	Dorazil velmi pozdě.	He arrived very late.
hezký	nice	Hezký den končí.	A nice day ends.
zahraniční	foreign	Zahraniční host přijel.	A foreign guest arrived.
náhle	suddenly	Náhle se zastavil.	He stopped suddenly.
příčina	cause	Příčina je nejasná.	The cause is unclear.
pracovník	worker	Pracovník odešel domů.	The worker went home.
spojit	to connect	Spojil oba kabely.	He connected both cables.
vstát	to stand up	Vstal velmi rychle.	He stood up quickly.
počkat	to wait	Počkám venku chvíli.	I’ll wait outside a moment.
poskytovat	to provide	Poskytujeme základní služby.	We provide basic services.
potkat	to meet	Potkal jsem ho náhodou.	I met him by chance.
věta	sentence	Věta je příliš dlouhá.	The sentence is too long.
tma	darkness	Tma padla rychle.	Darkness fell quickly.
přejít	to cross	Přejdu ulici pomalu.	I’ll cross the street slowly.
g	g	Chybí písmeno g.	The letter g is missing.
chlap	guy	Chlap čeká venku.	The guy waits outside.
zásadní	fundamental	Zásadní problém trvá.	The fundamental problem remains.
třicet	thirty	Mám třicet korun.	I have thirty crowns.
přední	front	Přední dveře vržou.	The front door creaks.
složka	folder	Složka je prázdná.	The folder is empty.
účel	purpose	Účel je jasný.	The purpose is clear.
pomyslet	to think	Pomyslel na domov.	He thought of home.
noční	night	Noční vlak přijel.	The night train arrived.
praktický	practical	Je to praktický návod.	It is a practical guide.
připravovat	to prepare	Připravuju večeři doma.	I’m preparing dinner at home.
čin	act	Čin byl odvážný.	The act was brave.
neděle	Sunday	Neděle bude klidná.	Sunday will be calm.
sice	although	Sice prší, jdu.	Although it rains, I go.
prostřednictvím	through	Platím prostřednictvím banky.	I pay through the bank.
zvýšit	to increase	Zvýšil rychlost auta.	He increased the car’s speed.
literatura	literature	Literatura mě baví.	Literature interests me.
hladina	level	Hladina vody stoupá.	The water level rises.
prakticky	practically	Je to prakticky hotové.	It is practically done.
slabý	weak	Slabý signál mizí.	The weak signal disappears.
tvrdý	hard	Tvrdý kámen leží.	A hard stone lies.
most	bridge	Most je velmi starý.	The bridge is very old.
čtenář	reader	Čtenář čeká na knihu.	The reader waits for the book.
nebe	sky	Nebe je jasné.	The sky is clear.
umožnit	to enable	Umožnil mi vstup.	He enabled my entry.
wordělení	division	Wordělení není jasné.	The division is unclear.
vesnice	village	Vesnice je malá.	The village is small.
posadit	to sit down	Posadil se tiše.	He sat down quietly.
sníh	snow	Sníh padá pomalu.	Snow falls slowly.
britský	British	Britský tým vyhrál.	The British team won.
zámek	chateau	Zámek stojí u lesa.	The chateau stands by the forest.
židle	chair	Židle je dřevěná.	The chair is wooden.
jíst	to eat	Jím velmi pomalu.	I eat very slowly.
návrat	return	Návrat byl rychlý.	The return was quick.
dopadnout	to turn out	Vše dopadlo dobře.	Everything turned out well.
oběť	victim	Oběť čekala venku.	The victim waited outside.
přesný	exact	Přesný čas neznám.	I don’t know the exact time.
provádět	to perform	Provádím test znovu.	I perform the test again.
dějiny	history	Dějiny mě zajímají.	History interests me.
těžko	hardly	Těžko to zvládnu.	I can hardly manage it.
nedostatek	lack	Nedostatek vody trvá.	The lack of water continues.
pokoušet	to attempt	Pokouším se znovu.	I’m attempting again.
profesor	professor	Profesor odešel brzy.	The professor left early.
červen	June	Červen bývá teplý.	June is usually warm.
dech	breath	Dech se zrychlil.	The breath quickened.
poněkud	somewhat	Poněkud mě to trápí.	It troubles me somewhat.
prodávat	to sell	Prodávám staré knihy.	I sell old books.
jízda	ride	Jízda trvala krátce.	The ride lasted briefly.
normální	normal	Je to normální stav.	It is a normal state.
barevný	colored	Barevný obraz mizí.	The colored image fades.
babička	grandma	Babička vaří polévku.	Grandma cooks soup.
obvyklý	usual	Obvyklý postup selhal.	The usual procedure failed.
spokojený	satisfied	Jsem dnes spokojený.	I am satisfied today.
sto	hundred	Mám sto korun.	I have a hundred crowns.
euro	euro	Mám dvě eura.	I have two euros.
dařit	to go well	Daří se mi dobře.	It’s going well for me.
přičemž	whereas	Přičemž nic neřekl.	Whereas he said nothing.
úzký	narrow	Úzký most padá.	The narrow bridge is falling.
příjem	income	Příjem letos klesl.	Income dropped this year.
ženský	feminine	Ženský hlas zněl.	The feminine voice sounded.
majetek	property	Majetek byl prodán.	The property was sold.
venku	outside	Venku je tma.	It is dark outside.
přítomnost	presence	Přítomnost pomáhá všem.	Presence helps everyone.
č	c	The letter č chybí.	The letter č is missing.
jednou	once	Jednou jsem tam byl.	I was there once.
letní	summer	Letní den končí.	The summer day ends.
trest	punishment	Trest byl mírný.	The punishment was mild.
říjen	October	Říjen bývá chladný.	October is usually cold.
test	test	Test dopadl dobře.	The test turned out well.
koncert	concert	Koncert začal pozdě.	The concert started late.
loňský	last year	Loňský rok skončil.	Last year ended.
atmosféra	atmosphere	Atmosféra byla napjatá.	The atmosphere was tense.
důkaz	evidence	Důkaz chybí úplně.	The evidence is completely missing.
dlaň	palm	Dlaň mě pálí.	My palm burns.
sklo	glass	Sklo se rozbilo.	The glass broke.
navrhnout	to propose	Navrhl nový plán.	He proposed a new plan.
daň	tax	Daň letos stoupla.	The tax increased this year.
deník	journal	Deník jsem ztratil.	I lost the journal.
původně	originally	Původně jsem chtěl odejít.	Originally I wanted to leave.
dráha	track	Dráha je mokrá.	The track is wet.
ryba	fish	Ryba plave pomalu.	The fish swims slowly.
užívat	to use	Užívám léky denně.	I use medicine daily.
médium	medium	Médium selhalo náhle.	The medium failed suddenly.
překvapit	to surprise	Překvapil mě úplně.	He surprised me completely.
strávit	to spend	Strávím tam den.	I’ll spend a day there.
operační	operational	Operační systém padá.	The operating system crashes.
národ	nation	Národ se sjednotil.	The nation united.
knihovna	library	Knihovna je zavřená.	The library is closed.
orgán	organ	Orgán selhal náhle.	The organ failed suddenly.
sotva	barely	Sotva to vidím.	I barely see it.
politik	politician	Politik odešel brzy.	The politician left early.
buňka	cell	Buňka se dělí.	The cell divides.
komise	committee	Komise rozhodla rychle.	The committee decided quickly.
policejní	police	Policejní vůz přijel.	The police car arrived.
pěkný	nice	Pěkný den začíná.	A nice day begins.
severní	northern	Severní vítr fouká.	The northern wind blows.
viz	see	Viz text níže.	See the text below.
teplý	warm	Teplý čaj pomáhá.	Warm tea helps.
přístroj	device	Přístroj nefunguje správně.	The device doesn’t work properly.
spojení	connection	Spojení se ztratilo.	The connection was lost.
nahoru	upwards	Jdu nahoru pomalu.	I go upward slowly.
tradice	tradition	Tradice stále trvá.	The tradition still continues.
ideální	ideal	Ideální řešení chybí.	The ideal solution is missing.
dokonalý	perfect	Dokonalý plán selhal.	The perfect plan failed.
pít	to drink	Piju studenou vodu.	I drink cold water.
díl	part	Díl chybí úplně.	The part is completely missing.
dneska	today	Dneska mám volno.	I have a day off today.
region	region	Region roste rychle.	The region grows quickly.
navštívit	to visit	Navštívím ho zítra.	I will visit him tomorrow.
procházet	to walk through	Procházím parkem denně.	I walk through the park daily.
kapsa	pocket	Kapsa je prázdná.	The pocket is empty.
novinka	new item	Novinka dorazila dnes.	The new item arrived today.
nastat	to occur	Nastala tichá chvíle.	A quiet moment occurred.
tmavý	dark	Tmavý les děsí.	The dark forest scares.
pojem	concept	Pojem není jasný.	The concept is unclear.
sejít	to meet	Sejdeme se venku.	We will meet outside.
duben	April	Duben bývá deštivý.	April is usually rainy.
vítězství	victory	Vítězství bylo jasné.	The victory was clear.
uprostřed	in the middle	Stál uprostřed místnosti.	He stood in the middle of the room.
listopad	November	Listopad bývá studený.	November is usually cold.
březen	March	Březen přinesl změny.	March brought changes.
investice	investment	Investice se vyplatila.	The investment paid off.
existence	existence	Existence je nejistá.	Existence is uncertain.
křídlo	wing	Křídlo ptáka klesá.	The bird’s wing lowers.
výjimka	exception	Výjimka platí stále.	The exception still applies.
spatřit	to spot	Spatřil ho náhodou.	He spotted him by chance.
úvaha	consideration	Úvaha byla správná.	The consideration was correct.
nedávno	recently	Nedávno jsem tam byl.	I was there recently.
roh	corner	Stál v rohu místnosti.	He stood in the corner of the room.
opatření	measure	Opatření platí dál.	The measure remains in effect.
obecně	generally	Obecně souhlasím s tím.	I generally agree with that.
vědomí	consciousness	Vědomí se vrací.	Consciousness returns.
branka	goal	Branka padla rychle.	The goal fell quickly.
promluvit	to speak	Promluvil velmi tiše.	He spoke very quietly.
oheň	fire	Oheň hoří silně.	The fire burns strongly.
denně	daily	Denně cvičím doma.	I exercise at home daily.
ráno	morning	Ráno vstávám brzy.	I wake up early in the morning.
zachránit	to save	Zachránil ho včas.	He saved him in time.
soupeř	opponent	Soupeř útočí rychle.	The opponent attacks quickly.
ústav	institute	Ústav vydal zprávu.	The institute released a report.
varianta	variant	Varianta není jistá.	The variant is not certain.
levý	left	Levý bok bolí.	My left side hurts.
r	r	The letter r chybí.	The letter r is missing.
potíž	trouble	Potíž nastala náhle.	Trouble occurred suddenly.
kolem	around	Chodím kolem domu.	I walk around the house.
poloha	position	Poloha se změnila.	The position changed.
umělecký	artistic	Umělecký styl zaujme.	The artistic style impresses.
vážný	serious	Vážný problém trvá.	The serious problem continues.
klíčový	key	Klíčový bod chybí.	The key point is missing.
obecný	general	Obecný názor stačí.	The general opinion is enough.
dovnitř	inside	Jdu dovnitř pomalu.	I go inside slowly.
schod	stair	Schod je vysoký.	The stair is high.
vědecký	scientific	Vědecký tým uspěl.	The scientific team succeeded.
čtvrtý	fourth	Čtvrtý pokus selhal.	The fourth attempt failed.
festival	festival	Festival začal včera.	The festival started yesterday.
srpen	August	Srpen bývá horký.	August is usually hot.
tabulka	table	Tabulka je prázdná.	The table is empty.
rozpočet	budget	Rozpočet letos klesl.	The budget dropped this year.
obava	fear	Obava stále trvá.	The fear still remains.
rozměr	dimension	Rozměr není přesný.	The dimension is not exact.
cokoli	anything	Cokoli uděláš, pomůže.	Anything you do will help.
správně	correctly	Dělal to správně.	He did it correctly.
žádat	to request	Žádám o pomoc.	I request help.
pozemek	land	Pozemek byl prodán.	The land was sold.
poskytnout	to provide	Poskytnu potřebné údaje.	I will provide the needed data.
tentýž	the same	Tentýž člověk přišel.	The same person arrived.
školní	school	Školní rok začíná.	The school year begins.
přibližně	approximately	Přibližně to sedí.	It fits approximately.
výrobek	product	Výrobek dorazil dnes.	The product arrived today.
těsně	closely	Těsně mě minul.	He narrowly missed me.
uzavřít	to close	Uzavřel smlouvu včas.	He closed the contract in time.
aktivní	active	Jsem stále aktivní.	I am still active.
devět	nine	Mám devět knih.	I have nine books.
dovést	to bring	Dovedl ho domů.	He brought him home.
kombinace	combination	Kombinace nefunguje dobře.	The combination doesn’t work well.
alkohol	alcohol	Alkohol škodí zdraví.	Alcohol harms health.
připomenout	to remind	Připomněl mi termín.	He reminded me of the date.
objem	volume	Objem vody klesá.	The water volume decreases.
zbavit	to rid	Zbavil se dluhů.	He got rid of debts.
kočka	cat	Kočka spí venku.	The cat sleeps outside.
podzim	autumn	Podzim začal brzy.	Autumn started early.
brána	gate	Brána se otevřela.	The gate opened.
značný	considerable	Značný rozdíl vznikl.	A considerable difference appeared.
vnější	external	Vnější část padá.	The external part is falling.
koleno	knee	Koleno mě bolí.	My knee hurts.
obyčejný	ordinary	Obyčejný den končí.	An ordinary day ends.
snížit	to reduce	Snížil rychlost auta.	He reduced the car’s speed.
chvilka	moment	Chvilka ticha stačila.	A moment of silence was enough.
prodat	to sell	Prodal starý dům.	He sold the old house.
víra	faith	Víra mu pomáhá.	Faith helps him.
víkend	weekend	Víkend začíná dneska.	The weekend starts today.
hřiště	field	Hřiště je prázdné.	The field is empty.
kariéra	career	Kariéra rychle rostla.	The career grew quickly.
celek	whole	Celek působí dobře.	The whole looks good.
tj	that is	Tj. platí stále.	That is still valid.
žlutý	yellow	Žlutý květ voní.	The yellow flower smells.
zkouška	exam	Zkouška dopadla dobře.	The exam turned out well.
občanský	civic	Občanský průkaz chybí.	The ID card is missing.
letadlo	airplane	Letadlo přistálo bezpečně.	The airplane landed safely.
dotace	grant	Dotace byla schválena.	The grant was approved.
nos	nose	Nos mě svědí.	My nose itches.
výstavba	construction	Výstavba pokračuje dál.	The construction continues.
okolnost	circumstance	Okolnost byla zvláštní.	The circumstance was unusual.
vzdálenost	distance	Vzdálenost je malá.	The distance is small.
román	novel	Román mě zaujal.	The novel interested me.
počasí	weather	Počasí se zhoršilo.	The weather worsened.
poznamenat	to remark	Poznamenal to tiše.	He remarked it quietly.
doplnit	to add	Doplnil chybějící část.	He added the missing part.
zmíněný	mentioned	Zmíněný text chybí.	The mentioned text is missing.
dodnes	to this day	Dodnes to nevím.	I don’t know it to this day.
starat	to care	Starám se o něj.	I care for him.
fanoušek	fan	Fanoušek čeká venku.	The fan waits outside.
filmový	film-related	Filmový svět roste.	The film world grows.
areál	complex	Areál je uzavřený.	The complex is closed.
touha	desire	Touha stále trvá.	The desire still remains.
sdělit	to inform	Sdělil pravdu rychle.	He told the truth quickly.
pravidelný	regular	Pravidelný rytmus pomáhá.	A regular rhythm helps.
zbývat	to remain	Zbývá málo času.	Little time remains.
nahradit	to replace	Nahradil starý systém.	He replaced the old system.
nastoupit	to board	Nastoupil do vlaku.	He boarded the train.
bok	side	Bok mě bolí.	My side hurts.
ekonomika	economy	Ekonomika roste pomalu.	The economy grows slowly.
lék	medicine	Lék zabral rychle.	The medicine worked quickly.
popisovat	to describe	Popisuju celý problém.	I describe the whole problem.
teplo	heat	Teplo stoupá rychle.	The heat rises quickly.
jedinec	individual	Jedinec se liší.	The individual differs.
operace	operation	Operace proběhla dobře.	The operation went well.
trpět	to suffer	Trpí bolestí dlouho.	He suffers pain for long.
olej	oil	Olej uniká ven.	The oil leaks out.
jemný	gentle	Jemný hlas zněl.	The gentle voice sounded.
vědec	scientist	Vědec publikoval studii.	The scientist published a study.
odjet	to depart	Odjel velmi brzy.	He departed very early.
vazba	bond	Vazba mezi nimi trvá.	The bond between them lasts.
budoucí	future	Budoucí plán selhal.	The future plan failed.
průměr	average	Průměr je příliš nízký.	The average is too low.
připravený	ready	Jsem připravený úplně.	I am completely ready.
ostatně	besides	Ostatně to víš.	Besides, you know it.
přikývnout	to nod	Přikývl bez váhání.	He nodded without hesitation.
pravidelně	regularly	Pravidelně cvičím doma.	I exercise at home regularly.
zpívat	to sing	Zpívám velmi tiše.	I sing very quietly.
vyjádřit	to express	Vyjádřil svůj názor.	He expressed his opinion.
vyrábět	to produce	Vyrábíme nové díly.	We produce new parts.
dle	according to	Dle plánu začneme.	According to the plan, we start.
večeře	dinner	Večeře je hotová.	Dinner is ready.
déšť	rain	Déšť padá pomalu.	Rain falls slowly.
narazit	to hit	Narazil na problém.	He hit a problem.
několikrát	several times	Několikrát jsem volal.	I called several times.
příslušný	relevant	Příslušný dokument chybí.	The relevant document is missing.
vůně	scent	Vůně byla silná.	The scent was strong.
vystoupit	to get off	Vystoupil na další stanici.	He got off at the next station.
bezpečnost	safety	Bezpečnost je důležitá.	Safety is important.
termín	deadline	Termín se blíží.	The deadline approaches.
chránit	to protect	Chrání své děti.	He protects his children.
fotbal	football	Fotbal začíná brzy.	Football starts soon.
led	ice	Led rychle taje.	The ice melts quickly.
postoj	stance	Postoj se změnil.	The stance changed.
tábor	camp	Tábor začal včera.	The camp started yesterday.
padesát	fifty	Mám padesát korun.	I have fifty crowns.
fotbalový	football-related	Fotbalový tým vyhrál.	The football team won.
vesmír	universe	Vesmír je obrovský.	The universe is huge.
paže	arm	Paže mě bolí.	My arm hurts.
vzdálený	distant	Vzdálený zvuk mizí.	The distant sound fades.
břeh	shore	Břeh je kluzký.	The shore is slippery.
častý	frequent	Častý problém trvá.	The frequent problem continues.
klást	to place	Kladu věci sem.	I place things here.
tón	tone	Tón zněl jasně.	The tone sounded clear.
prosinec	December	Prosinec bývá studený.	December is usually cold.
zažít	to experience	Zažil to dvakrát.	He experienced it twice.
nýbrž	but rather	Nýbrž odešel hned.	But rather, he left immediately.
káva	coffee	Káva voní silně.	The coffee smells strong.
dotknout	to touch	Dotkl se stolu.	He touched the table.
agentura	agency	Agentura zveřejnila zprávu.	The agency published a report.
uvědomovat	to realize	Uvědomuju si chybu.	I realize the mistake.
smích	laughter	Smích se ozval.	Laughter was heard.
přežít	to survive	Přežil těžkou noc.	He survived a hard night.
manažer	manager	Manažer odešel brzy.	The manager left early.
lidový	folk	Lidový tanec začal.	The folk dance began.
spotřeba	consumption	Spotřeba vody stoupla.	Water consumption increased.
kost	bone	Kost se zlomila.	The bone broke.
rekonstrukce	renovation	Rekonstrukce pokračuje dál.	The renovation continues.
jistota	certainty	Jistota už neplatí.	The certainty no longer holds.
zítra	tomorrow	Zítra přijdu brzy.	I will come early tomorrow.
přečíst	to read	Přečtu to večer.	I’ll read it tonight.
patro	floor	Patro je prázdné.	The floor is empty.
zahraničí	abroad	Pracuju v zahraničí.	I work abroad.
čerstvý	fresh	Čerstvý chléb voní.	Fresh bread smells good.
zboží	goods	Zboží dorazilo dnes.	The goods arrived today.
autobus	bus	Autobus přijel pozdě.	The bus arrived late.
charakter	character	Charakter se projevil.	The character showed.
ostrý	sharp	Ostrý nůž řeže.	The sharp knife cuts.
vzájemný	mutual	Vzájemný respekt trvá.	Mutual respect remains.
tiše	quietly	Mluví velmi tiše.	He speaks very quietly.
léčba	treatment	Léčba trvala dlouho.	The treatment lasted long.
televizní	television	Televizní pořad skončil.	The TV show ended.
děkovat	to thank	Děkuju za pomoc.	I thank you for the help.
hotový	ready	Jsem hotový úplně.	I am completely ready.
pád	fall	Pád byl tvrdý.	The fall was hard.
červenec	July	Červenec bývá horký.	July is usually hot.
energetický	energy-related	Energetický sektor roste.	The energy sector grows.
pohlédnout	to look	Pohlédl na mě.	He looked at me.
též	also	Též jsem tam byl.	I was there also.
zachovat	to preserve	Zachoval staré zvyky.	He preserved old customs.
patnáct	fifteen	Mám patnáct knih.	I have fifteen books.
vrchol	peak	Vrchol je blízko.	The peak is near.
znalost	knowledge	Znalost jazyka pomáhá.	Knowledge of language helps.
studie	study	Studie ukázala chybu.	The study showed an error.
reálný	real	Reálný problém trvá.	The real problem continues.
spočívat	to consist	Úkol spočívá v práci.	The task consists of work.
sednout	to sit	Sedl si tiše.	He sat down quietly.
umístit	to place	Umístil to sem.	He placed it here.
to	it	To stačí úplně.	That is completely enough.
podstatný	essential	Podstatný bod chybí.	The essential point is missing.
církev	church	Církev rostla pomalu.	The church grew slowly.
žádost	request	Žádost byla schválena.	The request was approved.
klidný	calm	Klidný den končí.	The calm day ends.
domnívat	to believe	Domnívám se, že ano.	I believe so.
faktor	factor	Faktor ovlivnil výsledek.	The factor influenced the result.
pokaždé	every time	Pokaždé přijdu včas.	I come on time every time.
mapa	map	Mapa je nepřesná.	The map is inaccurate.
studovat	to study	Studuju historii doma.	I study history at home.
sbírka	collection	Sbírka je rozsáhlá.	The collection is extensive.
časový	time-related	Časový plán selhal.	The timeline failed.
účinek	effect	Účinek byl slabý.	The effect was weak.
pták	bird	Pták letí nízko.	The bird flies low.
dostatečný	sufficient	Dostatečný důvod chybí.	A sufficient reason is missing.
mobilní	mobile	Mobilní signál mizí.	The mobile signal fades.
lišit	to differ	Liší se to výrazně.	It differs significantly.
aktuální	current	Aktuální stav trvá.	The current state continues.
výbor	committee	Výbor rozhodl rychle.	The committee decided quickly.
táhnout	to pull	Táhnu těžký kufr.	I pull a heavy suitcase.
hmota	matter	Hmota se mění.	Matter changes.
účast	participation	Účast byla vysoká.	Participation was high.
postavení	position	Postavení se změnilo.	The position changed.
určený	designated	Určený čas vypršel.	The designated time expired.
souviset	to relate	To souvisí s tématem.	It relates to the topic.
pevně	firmly	Držím to pevně.	I hold it firmly.
východ	east	Východ slunce začíná.	Sunrise begins.
dostatečně	sufficiently	Není to dostatečně jasné.	It isn’t sufficiently clear.
zisk	profit	Zisk letos stoupl.	Profit increased this year.
hledět	to look	Hledím na něj.	I look at him.
levný	cheap	Levný oběd stačí.	A cheap lunch is enough.
znak	sign	Znak je nejasný.	The sign is unclear.
následně	subsequently	Následně odešel domů.	He subsequently went home.
informovat	to inform	Informoval mě včas.	He informed me in time.
únor	February	Únor bývá chladný.	February is usually cold.
vůle	will	Vůle mu pomohla.	His will helped him.
účastník	participant	Účastník čeká venku.	The participant waits outside.
milý	kind	Milý člověk přišel.	A kind person arrived.
částka	amount	Částka byla vysoká.	The amount was high.
dohoda	agreement	Dohoda platí stále.	The agreement still stands.
naštěstí	fortunately	Naštěstí to skončilo.	Fortunately it ended.
oproti	compared to	Oproti tomu je lepší.	Compared to that, it’s better.
instituce	institution	Instituce vydala zprávu.	The institution released a report.
srovnání	comparison	Srovnání ukázalo rozdíl.	The comparison showed a difference.
jako	as	Dělám to jako on.	I do it like him.
proběhnout	to take place	Akce proběhla dobře.	The event took place well.
jak	how	Vím, jak to funguje.	I know how it works.
podílet	to participate	Podílím se na projektu.	I participate in the project.
adresa	address	Adresa je neúplná.	The address is incomplete.
současnost	present	Současnost je složitá.	The present is complicated.
ztrácet	to lose	Ztrácím trpělivost pomalu.	I slowly lose patience.
předpoklad	assumption	Předpoklad byl správný.	The assumption was correct.
bezpečnostní	security	Bezpečnostní systém selhal.	The security system failed.
zas	again	Zas to nefunguje.	It doesn’t work again.
nálada	mood	Nálada se zlepšila.	The mood improved.
přivést	to bring	Přivedl ho domů.	He brought him home.
původ	origin	Původ problému je jasný.	The origin of the problem is clear.
pořádně	properly	Dělej to pořádně.	Do it properly.
odmítat	to refuse	Odmítám to znovu.	I refuse it again.
oprava	repair	Oprava trvala dlouho.	The repair took long.
hospodářský	economic	Hospodářský růst zpomalil.	Economic growth slowed.
nákup	purchase	Nákup proběhl rychle.	The purchase went quickly.
zimní	winter	Zimní den končí.	The winter day ends.
vteřina	second	Trvalo to vteřinu.	It took a second.
pátek	Friday	Pátek bude klidný.	Friday will be calm.
obvod	district	Obvod je velký.	The district is large.
západ	west	Západ slunce mizí.	The sunset fades.
účet	account	Účet byl zablokován.	The account was blocked.
zakázka	order	Zakázka byla dokončena.	The order was completed.
vězení	prison	Vězení je přeplněné.	The prison is overcrowded.
kruh	circle	Kruh je neúplný.	The circle is incomplete.
rozsáhlý	extensive	Rozsáhlý plán selhal.	The extensive plan failed.
spor	dispute	Spor trvá dlouho.	The dispute lasts long.
svaz	union	Svaz rozhodl správně.	The union decided correctly.
hodnocení	evaluation	Hodnocení bylo pozitivní.	The evaluation was positive.
označit	to mark	Označil správné místo.	He marked the correct place.
odpor	resistance	Odpor byl silný.	The resistance was strong.
krása	beauty	Krása je pomíjivá.	Beauty is fleeting.
takzvaný	so-called	Takzvaný problém zmizel.	The so-called problem disappeared.
vyskytovat	to occur	Vyskytuje se to často.	It occurs often.
produkce	production	Produkce stoupla výrazně.	Production increased significantly.
mléko	milk	Mléko je čerstvé.	The milk is fresh.
pozitivní	positive	Pozitivní výsledek přišel.	The positive result arrived.
silně	strongly	Fouká silně venku.	It blows strongly outside.
lokalita	location	Lokalita je neznámá.	The location is unknown.
oblečení	clothing	Oblečení je drahé.	The clothing is expensive.
zlý	evil	Zlý muž odešel.	The evil man left.
průmysl	industry	Průmysl roste pomalu.	The industry grows slowly.
apod	etc	Dělám to tak apod.	I do it like that etc.
chytit	to catch	Chytil míč rychle.	He caught the ball quickly.
finance	finance	Finance nestačí úplně.	The finances aren’t enough.
poměr	ratio	Poměr je správný.	The ratio is correct.
lehce	lightly	Lehce se dotkl stolu.	He lightly touched the table.
dávný	ancient	Dávný příběh končí.	The ancient story ends.
utéci	to escape	Utekl velmi rychle.	He escaped very quickly.
ovlivnit	to influence	Ovlivnil celý výsledek.	He influenced the entire result.
vybírat	to choose	Vybírám správnou možnost.	I choose the correct option.
vybavit	to equip	Vybavil místnost úplně.	He fully equipped the room.
kapitán	captain	Kapitán odešel první.	The captain left first.
fyzický	physical	Fyzický kontakt chybí.	Physical contact is missing.
temný	dark	Temný les děsí.	The dark forest frightens.
odchod	departure	Odchod nastal náhle.	The departure happened suddenly.
poznámka	note	Poznámka byla krátká.	The note was short.
úsek	section	Úsek je uzavřený.	The section is closed.
unie	union	Unie rozhodla správně.	The union decided correctly.
uložit	to store	Uložil data bezpečně.	He stored the data safely.
režisér	director	Režisér dokončil film.	The director finished the film.
rozšířit	to expand	Rozšířil celý plán.	He expanded the entire plan.
stáhnout	to download	Stáhl nový soubor.	He downloaded a new file.
osobně	personally	Osobně to neznám.	I don’t know it personally.
samostatný	independent	Samostatný úkol stačí.	An independent task is enough.
studený	cold	Studený vítr fouká.	Cold wind blows.
odcházet	to leave	Odcházím velmi brzy.	I’m leaving very early.
slza	tear	Slza mu stekla.	A tear ran down.
série	series	Série pokračuje dál.	The series continues.
křeslo	armchair	Křeslo je pohodlné.	The armchair is comfortable.
toužit	to desire	Toužím po klidu.	I desire peace.
výchova	education	Výchova byla přísná.	The upbringing was strict.
soustředit	to focus	Soustředím se na práci.	I focus on work.
pozdní	late	Pozdní vlak přijel.	The late train arrived.
tráva	grass	Tráva rychle roste.	The grass grows quickly.
spustit	to launch	Spustil nový systém.	He launched a new system.
ticho	silence	Ticho trvalo dlouho.	The silence lasted long.
viset	to hang	Obraz visí nízko.	The picture hangs low.
východní	eastern	Východní vítr fouká.	The eastern wind blows.
domácnost	household	Domácnost šetří vodu.	The household saves water.
hala	hall	Hala je prázdná.	The hall is empty.
nehoda	accident	Nehoda se stala včera.	The accident happened yesterday.
tlačítko	button	Tlačítko nefunguje správně.	The button doesn’t work properly.
nárok	claim	Nárok byl uznán.	The claim was acknowledged.
dno	bottom	Dno je příliš hluboké.	The bottom is too deep.
pozor	careful	Pozor, auto jede.	Careful, a car is coming.
zaujmout	to interest	Zaujal mě příběh.	The story interested me.
anglický	English	Anglický text chybí.	The English text is missing.
nazývat	to call	Nazývám to chybou.	I call it a mistake.
odkud	from where	Vím, odkud přišel.	I know where he came from.
radnice	town hall	Radnice je zavřená.	The town hall is closed.
pořídit	to acquire	Pořídil nový byt.	He acquired a new apartment.
cosi	something	Cosi tam leželo.	Something lay there.
hmotnost	weight	Hmotnost je nízká.	The weight is low.
hnutí	movement	Hnutí získalo podporu.	The movement gained support.
stanovit	to set	Stanovil jasná pravidla.	He set clear rules.
kapela	band	Kapela hrála skvěle.	The band played great.
slovenský	Slovak	Slovenský tým vyhrál.	The Slovak team won.
pobyt	stay	Pobyt byl krátký.	The stay was short.
sál	hall	Sál se naplnil.	The hall filled up.
upozornit	to warn	Upozornil mě včas.	He warned me in time.
projevit	to show	Projevil velkou odvahu.	He showed great courage.
potravina	food	Potravina je čerstvá.	The food is fresh.
dlouhodobý	long-term	Dlouhodobý plán selhal.	The long-term plan failed.
tichý	quiet	Tichý hlas zněl.	The quiet voice sounded.
detail	detail	Detail chybí úplně.	The detail is completely missing.
byť	even though	Byť prší, jdu.	Even though it rains, I go.
plánovat	to plan	Plánuju nový projekt.	I plan a new project.
atd	etc	Dělám to tak atd.	I do it like that etc.
zmínit	to mention	Zmínil to krátce.	He mentioned it briefly.
odpoledne	afternoon	Odpoledne přijdu domů.	I’ll come home in the afternoon.
přítomný	present	Přítomný člověk mlčel.	The present person was silent.
rovnou	directly	Jdu rovnou domů.	I go straight home.
jinde	elsewhere	Bydlím jinde teď.	I live elsewhere now.
vítěz	winner	Vítěz byl znám.	The winner was known.
dohromady	together	Pracujeme dohromady často.	We work together often.
kurs	course	Kurs začal včera.	The course started yesterday.
trať	track	Trať je mokrá.	The track is wet.
vánoční	Christmas	Vánoční trh začal.	The Christmas market opened.
veliký	large	Veliký dům stojí.	A large house stands.
fakulta	faculty	Fakulta je otevřená.	The faculty is open.
horký	hot	Horký čaj pomáhá.	Hot tea helps.
tehdejší	former	Tehdejší plán selhal.	The former plan failed.
kapacita	capacity	Kapacita nestačí vůbec.	The capacity is not enough.
pěkně	nicely	Pěkně to zní.	It sounds nice.
přání	wish	Přání se splnilo.	The wish came true.
umělec	artist	Umělec vystoupil večer.	The artist performed in the evening.
odlišný	different	Odlišný názor zazněl.	A different opinion was voiced.
vyvolat	to trigger	Vyvolal silnou reakci.	He triggered a strong reaction.
zlato	gold	Zlato rychle zdražilo.	Gold became expensive quickly.
blížit	to approach	Blíží se bouře.	A storm is approaching.
mladík	young man	Mladík odešel brzy.	The young man left early.
hodlat	to intend	Hodlám to dokončit.	I intend to finish it.
informační	information	Informační systém selhal.	The information system failed.
plně	fully	Plně tomu věřím.	I fully believe it.
spadnout	to fall	Spadl na zem.	He fell to the ground.
knížka	book	Knížka mě baví.	The book entertains me.
zahájit	to start	Zahájil nový projekt.	He started a new project.
spánek	sleep	Spánek byl krátký.	The sleep was short.
dostupný	available	Dostupný materiál chybí.	The available material is missing.
případný	potential	Případný problém vznikl.	A potential problem arose.
realita	reality	Realita je tvrdá.	Reality is harsh.
květ	flower	Květ voní krásně.	The flower smells lovely.
křičet	to shout	Křičel velmi hlasitě.	He shouted very loudly.
rozsah	range	Rozsah je omezený.	The range is limited.
poradit	to advise	Poradil mi dobře.	He advised me well.
zvyšovat	to increase	Zvyšuji rychlost pomalu.	I increase speed slowly.
vina	guilt	Vina nebyla jasná.	The guilt wasn’t clear.
rozdělit	to divide	Rozdělil práci spravedlivě.	He divided the work fairly.
fotka	photo	Fotka je rozmazaná.	The photo is blurry.
signál	signal	Signál se ztrácí.	The signal is fading.
čaj	tea	Čaj je horký.	The tea is hot.
novinář	journalist	Novinář odešel brzy.	The journalist left early.
zásada	principle	Zásada stále platí.	The principle still applies.
populace	population	Populace rychle roste.	The population grows quickly.
splnit	to fulfill	Splnil svůj slib.	He fulfilled his promise.
obrana	defense	Obrana selhala úplně.	The defense failed completely.
nadále	further	Nadále pokračuju dál.	I continue further.
proměnit	to transform	Proměnil to v úspěch.	He turned it into success.
průměrný	average	Průměrný výsledek stačí.	The average result is enough.
cukr	sugar	Cukr se rozpustil.	The sugar dissolved.
padat	to fall	Padá jemný sníh.	Fine snow is falling.
úplný	complete	Úplný klid nastal.	Complete calm occurred.
dvůr	courtyard	Dvůr je prázdný.	The courtyard is empty.
hrdina	hero	Hrdina zachránil dítě.	The hero saved a child.
učinit	to do	Učinil správné rozhodnutí.	He made the right decision.
působení	effect	Působení léku skončilo.	The medicine’s effect ended.
prozradit	to reveal	Prozradil tajnou informaci.	He revealed secret information.
podávat	to serve	Podávám teplou polévku.	I serve warm soup.
dočkat	to wait for	Dočkal jsem se odpovědi.	I waited for the answer.
probudit	to wake up	Probudil mě hluk.	Noise woke me up.
třetina	third	Třetina lidí odešla.	A third of the people left.
spodní	lower	Spodní část chybí.	The lower part is missing.
premiér	prime minister	Premiér vystoupil dnes.	The prime minister spoke today.
displej	display	Displej nefunguje správně.	The display doesn’t work properly.
jádro	core	Jádro problému známe.	We know the core of the problem.
vzor	pattern	Vzor je složitý.	The pattern is complex.
zavést	to introduce	Zavedl nový systém.	He introduced a new system.
uskutečnit	to carry out	Uskutečnil plán včas.	He carried out the plan in time.
vedoucí	leader	Vedoucí odešel brzy.	The leader left early.
dovolená	vacation	Dovolená byla krátká.	The vacation was short.
cz	cz	CZ verze chybí.	The CZ version is missing.
doporučovat	to recommend	Doporučuju tento postup.	I recommend this procedure.
strašně	terribly	Je strašně unavený.	He is terribly tired.
nádherný	wonderful	Nádherný den končí.	A wonderful day ends.
soustava	system	Soustava selhala náhle.	The system failed suddenly.
l	l	The letter l chybí.	The letter l is missing.
italský	Italian	Italský tým vyhrál.	The Italian team won.
vydávat	to publish	Vydávám nové články.	I publish new articles.
vzdělávání	education	Vzdělávání je důležité.	Education is important.
věž	tower	Věž stojí vysoko.	The tower stands tall.
rozhodovat	to decide	Rozhoduju o změně.	I decide about the change.
slečna	miss	Slečna čeká venku.	The young lady waits outside.
zážitek	experience	Zážitek byl silný.	The experience was strong.
dokončit	to finish	Dokončil práci rychle.	He finished the work quickly.
norma	standard	Norma byla splněna.	The standard was met.
nebezpečí	danger	Nebezpečí stále trvá.	The danger still remains.
rovnice	equation	Rovnice je složitá.	The equation is complex.
záznam	record	Záznam byl smazán.	The record was deleted.
povést	to succeed	Povedlo se to krásně.	It succeeded beautifully.
moment	moment	Moment stačil úplně.	The moment was enough.
okolo	around	Chodím okolo domu.	I walk around the house.
památka	memorial	Památka stojí vysoko.	The memorial stands tall.
zaznamenat	to record	Zaznamenal každý detail.	He recorded every detail.
dospělý	adult	Dospělý muž čeká.	The adult man waits.
turnaj	tournament	Turnaj začal včera.	The tournament started yesterday.
nechávat	to leave	Nechávám to doma.	I leave it at home.
provedení	execution	Provedení bylo přesné.	The execution was precise.
tajný	secret	Tajný plán selhal.	The secret plan failed.
povaha	nature	Povaha člověka se mění.	A person’s nature changes.
jev	phenomenon	Jev trvá dlouho.	The phenomenon lasts long.
jednoduše	simply	Jednoduše to nefunguje.	It simply doesn’t work.
tenkrát	back then	Tenkrát jsem tam byl.	I was there back then.
následek	consequence	Následek byl jasný.	The consequence was clear.
větev	branch	Větev se zlomila.	The branch broke.
vyřešit	to solve	Vyřešil celý problém.	He solved the whole problem.
přednost	priority	Přednost má bezpečnost.	Safety has priority.
dvanáct	twelve	Mám dvanáct knih.	I have twelve books.
týž	the same	Týž člověk přišel.	The same person arrived.
mobil	phone	Mobil nefunguje správně.	The phone doesn’t work properly.
specifický	specific	Specifický úkol chybí.	The specific task is missing.
cigareta	cigarette	Cigareta mu hoří.	His cigarette is burning.
zasáhnout	to hit	Zasáhl přesný cíl.	He hit the exact target.
spisovatel	writer	Spisovatel psal tiše.	The writer wrote quietly.
sůl	salt	Sůl se rozpustila.	The salt dissolved.
usmívat	to smile	Usmívám se často.	I smile often.
jednak	on one hand	Jednak to chápu.	On one hand, I understand.
natolik	so much	Natolik mě to trápí.	It troubles me so much.
připojit	to connect	Připojil kabel správně.	He connected the cable correctly.
strategie	strategy	Strategie selhala náhle.	The strategy failed suddenly.
podepsat	to sign	Podepsal smlouvu včas.	He signed the contract in time.
linka	line	Linka je obsazená.	The line is busy.
předem	in advance	Předem děkuju všem.	I thank everyone in advance.
blok	block	Blok je prázdný.	The block is empty.
kamera	camera	Kamera nefunguje dobře.	The camera doesn’t work well.
chladný	cool	Chladný vzduch fouká.	Cool air blows.
nutit	to force	Nutím se pracovat.	I force myself to work.
regionální	regional	Regionální tým vyhrál.	The regional team won.
dáma	lady	Dáma čeká venku.	The lady waits outside.
pár	couple	Pár odešel brzy.	The couple left early.
brněnský	Brno-related	Brněnský tým vyhrál.	The Brno team won.
design	design	Design působí moderně.	The design looks modern.
diskuse	discussion	Diskuse trvala dlouho.	The discussion lasted long.
vybraný	selected	Vybraný text chybí.	The selected text is missing.
označovat	to label	Označuju správné části.	I label the correct parts.
boží	divine	Boží hlas zněl.	The divine voice sounded.
ocitnout	to find oneself	Ocitl se venku.	He found himself outside.
stavět	to build	Stavím nový dům.	I’m building a new house.
suchý	dry	Suchý vzduch škodí.	Dry air harms.
zkrátka	simply	Zkrátka to nejde.	It simply doesn’t work.
kamenný	stone	Kamenný most stojí.	The stone bridge stands.
hnědý	brown	Hnědý pes běží.	The brown dog runs.
soused	neighbor	Soused přišel pozdě.	The neighbor came late.
klíč	key	Klíč se ztratil.	The key was lost.
odhalit	to reveal	Odhalil pravdu rychle.	He revealed the truth quickly.
tajemství	secret	Tajemství vyšlo ven.	The secret came out.
dávka	dose	Dávka byla malá.	The dose was small.
trasa	route	Trasa je dlouhá.	The route is long.
zbýt	to remain	Zbylo málo času.	Little time remained.
vyhnout	to avoid	Vyhnul se problému.	He avoided the problem.
parametr	parameter	Parametr není přesný.	The parameter is not exact.
kopec	hill	Kopec je strmý.	The hill is steep.
mírně	slightly	Mírně se zlepšil.	He improved slightly.
sdružení	association	Sdružení vydalo zprávu.	The association released a report.
zvýšení	increase	Zvýšení cen pokračuje.	The price increase continues.
závislost	dependence	Závislost trvá dlouho.	The dependence lasts long.
převzít	to take over	Převzal celý projekt.	He took over the whole project.
zajít	to stop by	Zajdu tam zítra.	I’ll stop by tomorrow.
doslova	literally	Doslova mě šokoval.	He literally shocked me.
zvláště	especially	Zvláště mě to trápí.	It troubles me especially.
pochopitelně	naturally	Pochopitelně souhlasím.	Naturally, I agree.
vyzkoušet	to try	Vyzkouším to hned.	I’ll try it immediately.
nepřítel	enemy	Nepřítel ustoupil rychle.	The enemy retreated quickly.
seznámit	to introduce	Seznámil nás spolu.	He introduced us together.
koukat	to look	Koukám na něj.	I look at him.
zpravidla	usually	Zpravidla chodím brzy.	I usually walk early.
hrozně	terribly	Hrozně mě to bolí.	It hurts me terribly.
vydání	edition	Vydání knihy vyšlo.	The book edition was released.
km	km	Mám tři km před sebou.	I have three km ahead.
zaměřit	to focus	Zaměřil se na detail.	He focused on the detail.
čínský	Chinese	Čínský tým vyhrál.	The Chinese team won.
omezený	limited	Omezený přístup platí.	Limited access applies.
internetový	online	Internetový obchod roste.	The online shop grows.
viditelný	visible	Viditelný rozdíl vznikl.	A visible difference appeared.
seriál	series	Seriál skončil včera.	The series ended yesterday.
svobodný	free	Svobodný člověk rozhodl.	The free person decided.
částice	particle	Částice se pohybuje.	The particle moves.
víc	more	Mám víc práce.	I have more work.
uvnitř	inside	Uvnitř je tma.	It is dark inside.
popis	description	Popis není přesný.	The description is not exact.
vzdát	to give up	Vzdal to příliš brzy.	He gave up too early.
onemocnění	illness	Onemocnění trvá dlouho.	The illness lasts long.
díra	hole	Díra je hluboká.	The hole is deep.
naposledy	last time	Naposledy jsem ho viděl.	I saw him last time.
zásah	intervention	Zásah byl nutný.	The intervention was necessary.
kdykoli	anytime	Kdykoli přijdu domů.	I come home anytime.
přiblížit	to approach	Přiblížil se tiše.	He approached quietly.
projevovat	to show	Projevuje velkou snahu.	He shows great effort.
váha	weight	Váha rychle klesá.	The weight drops quickly.
útočník	attacker	Útočník utekl ven.	The attacker ran outside.
břicho	stomach	Břicho mě bolí.	My stomach hurts.
stihnout	to manage	Stihl to včas.	He managed it in time.
sluneční	solar	Sluneční světlo slábne.	Solar light weakens.
povědět	to tell	Pověděl mi pravdu.	He told me the truth.
podivný	strange	Podivný zvuk zněl.	A strange sound echoed.
podpořit	to support	Podpořil celý tým.	He supported the whole team.
komora	chamber	Komora je prázdná.	The chamber is empty.
sbor	choir	Sbor zpíval krásně.	The choir sang beautifully.
představení	performance	Představení začalo pozdě.	The performance started late.
symbol	symbol	Symbol je jasný.	The symbol is clear.
jelikož	since	Jelikož prší, čekám.	Since it rains, I wait.
planeta	planet	Planeta se otáčí.	The planet rotates.
příspěvek	contribution	Příspěvek byl schválen.	The contribution was approved.
nábytek	furniture	Nábytek dorazil dnes.	The furniture arrived today.
architekt	architect	Architekt navrhl dům.	The architect designed the house.
výzva	challenge	Výzva byla těžká.	The challenge was hard.
udržovat	to maintain	Udržuji čistý stůl.	I maintain a clean table.
zamířit	to head	Zamířil domů rychle.	He headed home quickly.
náhodou	by chance	Náhodou jsem ho potkal.	I met him by chance.
skladba	composition	Skladba zněla krásně.	The composition sounded beautiful.
zasmát	to laugh	Zasmál se tiše.	He laughed quietly.
